100,77.14
202,78.3
302,77.53
402,74.54
518,76.25
618,83.59
721,82.26
821,77.64
921,78.5
1021,79.37
1121,82.7
1221,96.07
1321,91.17
1438,84.24
1542,82.1
1657,80.36
1758,79.14
1860,80.19
1960,83.19
2060,80.89
2162,66.96
2278,79.46
2380,84.39
2497,81.33
2599,79.18
2700,79.35
2800,79.02
2901,82.32
3001,86.73
3102,86.8
3203,87.31
3304,88.18
3405,87.85
3505,87.64
3607,88.99
3724,92.52
3840,98.46
3941,95.63
4043,92.45
4161,89.66
4277,87.69
4381,87.34
4497,87.25
4597,86.44
4697,86.23
4798,86.7
4900,86.47
5016,86.1
5118,84.61
5238,97.28
5355,109.96
5455,88.94
5570,83.78
5687,86.85
5787,86.97
5887,85.85
5987,86.71
6088,88.12
6189,87.95
6291,90.67
6397,89.56
6500,92.71
6602,95.96
6703,100.5
6804,110.42
6921,100.35
7021,100
7121,98.05
7223,94.92
7325,93.22
7427,92.57
7527,93.37
7629,92.57
7733,90.25
7833,89.2
7933,89.2
8050,92.12
8150,96.8
8250,128.33
8350,129.22
8450,97.19
8551,92.41
8653,90.09
8753,89.66
8853,89.33
8955,89.89
9057,88.84
9158,88.56
9260,88.37
9362,87.97
9479,91.35
9595,91.24
9697,90.61
9798,92.4
9900,94.7
10001,95.51
10106,95.5
10207,97.82
10307,97.02
10408,97.65
10509,99.43
10611,98.69
10711,99.48
10812,102.52
10912,106.21
11013,111.52
11113,116.26
11213,139.33
11313,117.76
11413,114.9
11515,112.74
11615,109.31
11719,108.64
11835,108.93
11952,110.36
12055,107.54
12156,104.98
12257,102.26
12358,100.5
12459,98.86
12560,99.32
12660,98.77
12761,94.99
12861,94.93
12977,95.18
13095,96.75
13198,96.3
13299,95.98
13401,92.45
13504,94.11
13604,96.53
13705,96.11
13820,94.35
13922,95.56
14025,95.18
14125,96.21
14226,161.89
14327,105.91
14427,96.37
14528,99.08
14628,118.83
14732,117.47
14832,100.53
14932,95.96
15032,93.74
15132,98.48
15235,105.63
15337,101.94
15439,110.68
15540,115.06
15644,98.52
15760,98.81
15862,111.01
15962,109.21
16064,103.97
16166,108.31
16283,123.29
16400,111.36
16507,134.39
16610,131.43
16712,122.45
16828,132.48
16929,134.45
17030,110.13
17130,127.24
17232,194.44
17332,168.61
17434,125.3
17536,97.83
17652,70.27
17752,75.84
17853,89.14
17954,88.92
18055,90.07
18172,90.39
18288,88.84
18405,88.07
18505,84.54
18606,95.45
18709,84.19
18810,84.16
18911,87.64
19011,87.17
19111,93.87
19211,105.63
19311,94.68
19411,90.52
19512,88.85
19628,89.25
19729,90.2
19845,88.66
19961,90.64
20062,81.09
20162,89.62
20279,95.55
20396,101.96
20498,92.65
20600,90.06
20701,87.55
20817,90.61
20918,91.76
21018,89.44
21121,88.43
21222,88.51
21322,90.39
21423,93.51
21525,92.18
21626,116.68
21729,150.94
21829,107.29
21933,92.48
22035,90.7
22138,95.2
22239,104.88
22340,91.32
22442,92.88
22542,89.31
22645,88.37
22746,89.69
22848,88.75
22950,89.31
23051,90.58
23152,91.77
23252,106.28
23354,93.38
23456,89.29
23557,90.97
23660,91.19
23760,91.45
23861,94.28
23963,93.9
24066,92.63
24166,93.77
24268,97.18
24369,102.54
24471,95.49
24572,94.67
24675,97.65
24791,98.61
24911,95.24
25011,94.62
25115,93.96
25230,95.95
25331,94.75
25431,94.46
25532,94.47
25635,93.43
25742,92.26
25845,89.42
25948,89.99
26065,92.83
26165,103.56
26266,115.24
26370,102.32
26470,95.91
26570,91.07
26671,91.96
26771,93.83
26871,92.8
26972,91.4
27072,91.75
27173,92.57
27275,93.67
27377,93.76
27477,93.69
27577,95.75
27677,95.44
27780,95.26
27880,95.71
27983,96.98
28084,99.77
28187,102.03
28307,102.62
28409,106.71
28510,109.31
28612,103.36
28715,102.58
28819,103.85
28922,103.97
29025,104.33
29142,105.79
29242,102.03
29344,97.05
29445,103.74
29546,98.27
29647,96.24
29748,96.41
29849,98.54
29950,98.7
30050,98.66
30150,99.03
30251,98.71
30354,97.62
30454,96.59
30555,98.1
30672,97.1
30772,96.14
30888,97.6
30990,97.14
31090,97.23
31190,99.22
31291,96.29
31411,96.38
31512,100.08
31626,100.69
31729,98.15
31829,99.97
31931,99.33
32034,110.01
32134,155.24
32235,133.27
32351,105.59
32451,108.59
32551,126.05
32651,110.35
32751,103.9
32851,105.43
32952,104.76
33069,105.35
33172,104.6
33273,106.06
33376,106.2
33476,118.42
33591,110.25
33693,110.9
33810,109.74
33914,111.81
34025,120.59
34136,117.38
34237,134.24
34338,157.63
34440,127.38
34544,122.55
34659,119.63
34763,130.93
34863,128.61
34965,128.15
35081,128.99
35198,130.91
35314,179.1
35415,160.4
35515,144.21
35617,124.1
35718,108.94
35826,83.96
35929,95.56
36029,104.28
36129,104.24
36230,105.52
36332,107.28
36433,105.67
36537,104.09
36639,102.35
36741,109.08
36842,120.85
36943,104.35
37043,105.42
37147,106.36
37249,118.17
37350,125.1
37451,111.38
37551,110.47
37651,112.34
37751,109.06
37851,108.79
37952,113.57
38054,112.01
38156,103.23
38256,91.72
38359,108.4
38462,112.86
38562,113.91
38662,110.68
38764,109.75
38881,111.95
38997,112.81
39099,112.28
39218,113.51
39320,113.31
39420,112.48
39520,111.88
39623,113.07
39725,112.26
39825,111.29
39926,113.21
40027,117.76
40130,115.83
40231,114.42
40333,116.4
40433,120.6
40535,114.45
40652,114.76
40768,114.81
40868,110.72
40972,112.92
41074,114.05
41175,113.24
41276,114.32
41378,121.54
41478,119.3
41580,111.43
41683,110.36
41783,112.92
41887,113.83
42003,117.55
42123,117.98
42239,119.1
42340,127.37
42442,115.71
42543,113.95
42646,113.3
42747,115.55
42848,119.11
42950,121.99
43060,112.56
43160,114.11
43262,114.48
43363,128.41
43467,146
43568,118.56
43671,113.36
43773,117.7
43875,111.35
43975,109.48
44078,110.44
44180,110.03
44281,121.24
44383,136.11
44483,130.13
44586,131.79
44688,119.98
44790,111.54
44892,110.56
45008,112.28
45127,111.8
45227,111.82
45335,118.4
45447,118.26
45549,121.58
45649,120.98
45749,119.44
45849,120.71
45949,118.51
46051,119.84
46151,122.94
46251,128.28
46352,126.66
46453,126.05
46556,127.9
46657,131.73
46760,128.63
46863,124.14
46963,123.99
47066,123.4
47169,128.85
47270,124.62
47385,109.66
47486,107.66
47588,112.15
47689,97.62
47790,89.51
47890,101.16
47990,99.73
48106,96.09
48206,96.26
48308,96.92
48426,106.44
48528,124.27
48631,101.51
48746,100.41
48848,101.51
48949,108.2
49052,111.8
49154,113.6
49255,115.82
49355,119.7
49458,125.85
49562,120.92
49662,119.58
49764,132.09
49865,143.88
49967,158.13
50075,167.65
50183,180.12
50283,197.91
50383,130.68
50484,106.57
50587,119.78
50689,139.59
50792,132.01
50893,120.93
51009,114.03
51109,118.79
51212,130.05
51330,128.2
51432,121.25
51535,140.93
51642,126.06
51745,114.78
51865,117.36
51965,130.78
52065,132.04
52165,121.16
52282,134.89
52382,125.72
52483,129.79
52583,126.72
52683,124.33
52783,122.99
52886,122.36
52988,121.32
53089,133.19
53193,127.75
53293,178.95
53396,180.09
53496,138.25
53598,130.85
53716,132
53832,109.61
53933,85.09
54036,96.54
54137,105.42
54240,107.61
54341,109.64
54442,110.08
54542,106.95
54643,105.84
54746,106.55
54846,111.75
54949,123.38
55066,109.07
55178,106.26
55282,109.12
55383,110.14
55485,123.71
55588,119.04
55688,111.27
55790,111.84
55892,112.48
55993,112.55
56095,111.99
56195,114.11
56296,112.59
56399,100.54
56514,100.93
56617,113.5
56738,114.36
56854,114.72
56971,115.73
57087,116.96
57187,119.34
57290,118.92
57392,119.68
57493,120.15
57610,119.88
57710,118.1
57811,120.62
57916,121.48
58020,122.77
58141,123.37
58245,122.99
58348,123.88
58452,123.18
58568,118.21
58671,121.49
58772,121.66
58872,118.93
58972,119
59078,117.77
59178,116.42
59279,117.01
59395,118.5
59495,121.5
59595,123.84
59695,119.4
59796,116.2
59898,119.24
60000,121.88
60101,122.03
60204,121.61
60305,128.08
60408,126.4
60511,127.13
60627,124.37
60744,123.01
60845,123.38
60947,121.11
61051,123.17
61166,124.6
61268,119.82
61369,116.7
61469,114.34
61572,113.31
61672,115.98
61774,114.5
61874,114.8
61976,114.36
62093,114.11
62194,114.26
62294,114.02
62394,115.16
62496,125.5
62598,132.44
62698,126.82
62801,128.64
62903,122.58
63006,122.53
63108,122.3
63211,120.3
63311,125.57
63426,125.75
63528,131.25
63631,132.44
63751,129.18
63851,130.52
63951,130.02
64053,132.43
64160,135.38
64262,133.62
64362,135.22
64463,140.01
64564,138.06
64666,137.96
64767,132.04
64871,131.89
64973,135.67
65074,134.69
65176,138.35
65292,137.09
65394,130.82
65494,133.78
65594,114.7
65697,116.31
65797,114.5
65899,104.76
66000,105.75
66103,106.73
66203,106.38
66305,106.58
66407,107.16
66507,103.24
66608,105
66708,104.89
66809,102.85
66910,103.74
67013,102.7
67113,101.76
67213,102.34
67314,102.41
67415,102.91
67516,101.75
67618,98.85
67718,99.38
67820,101.07
67920,100.23
68020,101.26
68121,100.48
68222,99.47
68322,99.49
68425,143.95
68542,165.01
68662,113.49
68764,111.03
68864,113.73
68964,133.73
69066,123.25
69167,109.46
69286,109.56
69387,115.94
69489,118.96
69591,118.85
69694,115.68
69797,114.35
69899,104.9
70000,102.46
70100,109.05
70201,114.2
70302,121.69
70404,117.06
70520,122.17
70622,105.74
70724,121.96
70824,132.76
70927,119.59
71031,115.4
71147,125.36
71264,121.2
71380,124.81
71480,142.74
71582,139.1
71685,126.65
71787,113.58
71888,75.16
71991,78.59
72092,93.67
72197,97.03
72297,97.28
72398,95.26
72501,92.32
72601,91.86
72701,92.96
72805,96.25
72919,112.5
73020,101.07
73122,95.71
73222,95.9
73324,95.86
73424,104.43
73524,111.83
73626,97.12
73728,99.7
73828,99.82
73928,99.77
74032,97.9
74148,97.11
74266,93.88
74382,80.39
74498,95.33
74601,101.24
74703,103.19
74804,101.69
74904,101.27
75005,101.34
75105,101.09
75205,102.48
75307,105.14
75410,103.96
75525,104.32
75629,105.22
75729,103.87
75832,104.59
75936,104.91
76039,107.87
76139,110.86
76239,109.46
76339,111.21
76441,111.44
76542,109.76
76645,107.34
76765,107.16
76875,108.23
76976,106.1
77082,106.66
77186,106.47
77286,106.5
77386,106.41
77486,110.91
77588,118.92
77691,111.17
77792,107.62
77894,108.87
77994,110.03
78097,113.52
78199,117.19
78303,117.35
78403,119.17
78503,119.31
78604,114.99
78705,112.16
78820,117.85
78922,118.83
79024,116.53
79140,114.47
79240,112.22
79340,120.29
79445,113.35
79546,111.55
79648,110.38
79765,109.01
79869,110.1
79980,109.6
80083,110.98
80185,112
80285,110.98
80389,114.77
80489,133.13
80605,127.53
80705,124.54
80808,122.19
80911,117.12
81027,119.89
81128,121.84
81228,123.46
81330,123.16
81433,120.13
81534,119.71
81642,121.93
81742,126.31
81843,130.22
81946,126.85
82047,125.41
82163,126.67
82282,123.68
82398,130.57
82506,126.32
82618,124.37
82718,126.15
82821,123.16
82924,124.92
83041,124.33
83144,126.78
83244,129.08
83344,129.31
83446,132.71
83546,121.5
83648,108.03
83751,108.95
83852,103.21
83954,103.64
84071,105.86
84186,105.95
84297,106.18
84397,106.26
84499,104.81
84602,105.88
84704,104.7
84805,103.68
84908,103.82
85013,104.6
85115,102.99
85216,100.25
85319,100.07
85435,102.75
85553,103.65
85670,99.72
85789,101.11
85892,99.05
86015,98.25
86117,97.06
86217,99.27
86318,106.53
86434,147.3
86535,133.29
86639,108.92
86755,111.02
86857,137.68
86957,121.87
87089,111.4
87202,109.35
87318,113.18
87418,112.12
87519,108.59
87620,107.25
87736,124.4
87836,123.86
87937,110.72
88052,105.27
88153,110.16
88253,117.98
88354,118.93
88454,112.46
88554,113.46
88654,131.07
88757,126.69
88859,158.6
88977,158.47
89080,124.83
89181,119.88
89281,128.29
89381,158.82
89481,155.62
89594,137.99
89697,133.14
89797,133.13
89897,120.05
89997,105.78
90098,79.95
90198,89.59
90303,99.26
90403,101.35
90507,100.29
90608,99.46
90711,100.54
90813,98.47
90929,98.66
91029,104.5
91131,116.98
91233,99.46
91335,98.79
91435,101.22
91536,111.95
91641,118.14
91741,105.87
91841,106.36
91941,104.64
92058,103.7
92160,103.61
92260,105.21
92361,104.16
92478,96.73
92597,101.15
92701,108.44
92817,112.92
92921,109.3
93022,107.42
93122,105.44
93223,106.78
93323,109.25
93425,111.95
93528,111.41
93628,112.77
93729,116.52
93829,115.02
93930,113.28
94030,113.03
94146,114.68
94250,114.05
94352,114.89
94454,115.26
94554,114.79
94655,113.39
94759,113.8
94859,113.77
94959,114.07
95076,128.22
95192,113.08
95293,111.61
95408,112.24
95511,110.02
95612,122.76
95713,125.22
95830,114.01
95931,112.48
96047,116.55
96149,117.47
96250,124.46
96353,124.9
96456,125.46
96559,123.94
96661,120.76
96777,119.86
96895,123.24
97005,124.8
97108,122.37
97208,119.9
97308,119.03
97428,117.39
97530,116.43
97631,116.42
97731,118.55
97847,118.41
97949,120.09
98051,127.27
98151,120.33
98251,116.56
98351,118.66
98451,118.85
98554,127.65
98659,147.11
98762,137.03
98878,139.35
98996,130.02
99096,126.79
99199,132.87
99302,133.02
99419,131.7
99535,131.99
99635,133.83
99735,138.13
99836,139.95
99952,139.86
100052,142.99
100152,140.09
100252,138.2
100353,137.79
100453,142.67
100553,144.44
100655,139.2
100758,136.77
100860,138.58
100961,137.13
101078,138.04
101181,135.62
101297,133.11
101398,136.97
101500,138.02
101602,136.94
101703,127.45
101820,121.4
101936,117.27
102036,115.44
102152,115.72
102254,117.11
102354,116.99
102456,114.56
102558,115.2
102661,114.72
102761,113.49
102865,113.91
102969,113.15
103070,113.69
103171,114.33
103273,113.36
103375,113.12
103475,112.8
103579,113.08
103679,113.37
103779,111.83
103881,111.99
103998,113.24
104100,111.49
104204,111.03
104313,109.87
104428,111.06
104531,125.19
104631,169.21
104733,121.82
104834,124.36
104950,141.65
105051,149.98
105167,135.85
105268,126.06
105368,129.82
105470,136.23
105570,134.94
105670,122.44
105771,138.9
105872,154.45
105972,134.24
106072,122.47
106173,118.62
106273,133.91
106374,126
106474,121.75
106574,119.47
106691,118.55
106807,128.39
106907,129.92
107010,129.34
107110,135.12
107211,124.64
107327,137.6
107427,135.51
107527,125
107627,127.43
107728,153.41
107828,147.8
107930,136.89
108031,121.38
108146,105.61
108248,81.64
108364,90.49
108464,99.15
108567,99.48
108669,96.45
108772,95.29
108872,96.25
108973,96.97
109076,97.12
109179,100.25
109282,114.44
109385,97.52
109485,97.12
109602,97.55
109719,100.68
109832,118.12
109938,104.68
110038,104.22
110146,105.04
110246,105
110346,103.46
110446,102.43
110546,101.83
110646,100.54
110750,87.25
110852,100.47
110969,103.57
111085,106.39
111186,104.41
111301,102.1
111406,105.52
111509,106.09
111609,103.56
111711,104.69
111813,105.19
111913,103.7
112013,106.1
112121,106.68
112233,107.2
112334,107.96
112438,109.33
112540,110
112642,109.69
112743,107.86
112843,105.18
112959,106.28
113060,107.65
113160,107.47
113260,105.63
113377,105.21
113479,105.72
113579,109.68
113680,106.05
113781,108.81
113896,114.54
114015,112.44
114123,105.44
114236,109.18
114352,112.39
114452,112.11
114552,112.35
114656,117.01
114759,118.49
114863,113.77
114966,113.65
115082,115.76
115184,116.11
115284,116.12
115384,114.51
115484,112.62
115585,110.44
115685,111.67
115789,109.21
115891,108.6
115992,110.36
116092,111.83
116194,109.18
116312,109.08
116412,109.72
116514,109.44
116616,109.47
116719,112.78
116826,122.22
116929,127.92
117030,121.73
117146,122.89
117262,122.27
117365,120.52
117479,121.68
117586,125.69
117687,131.81
117788,131.77
117889,128.4
117990,131.21
118091,135.45
118194,133.66
118310,137.24
118427,137.05
118531,138.49
118647,139.67
118748,137.17
118850,140.93
118956,143.62
119073,145.07
119175,146.76
119275,143.64
119375,146.75
119477,149.37
119587,144.47
119688,150.5
119789,140.29
119889,122.27
119992,120.17
120095,121.53
120195,114.78
120296,113.55
120397,116.24
120497,116.73
120601,116.16
120719,115.37
120821,114.95
120924,114.73
121025,115.28
121125,114.79
121225,112.91
121340,113.31
121442,113.38
121557,114.73
121660,114.52
121766,113.11
121869,112.92
121971,114.98
122072,112.79
122173,113.72
122289,113.39
122389,114.96
122491,116.69
122606,114.23
122724,138.88
122825,161.01
122941,122.36
123042,118.38
123145,120.19
123261,142.85
123362,128.81
123479,119.49
123596,116.68
123697,119.29
123802,123.05
123919,116.76
124021,119.92
124122,121.14
124225,106.65
124326,106.71
124429,111.46
124535,124.97
124635,116.05
124738,122.95
124854,119.61
124956,110.51
125056,127.47
125158,134.39
125260,113.13
125360,118.98
125460,118.88
125561,108.13
125661,109.17
125762,118.25
125865,125.91
125969,121.19
126069,113.09
126170,74.77
126273,76.09
126375,91.32
126475,93.38
126575,92.54
126675,93.42
126778,93.42
126879,93.13
126983,92.96
127086,90.19
127189,105.07
127292,94.76
127393,87.03
127493,85.92
127597,86.82
127697,94.93
127813,97.87
127933,96.3
128037,94.82
128153,94.73
128255,96.11
128355,94.99
128460,95.04
128560,89.62
128660,75.37
128763,86.76
128863,92.44
128967,96.74
129067,92.56
129171,91.98
129275,92.13
129377,93.52
129477,93.43
129577,93.75
129683,92.73
129784,95.7
129887,94.39
129992,95.6
130108,95.64
130239,97.54
130342,97.58
130443,96.92
130545,96.62
130648,96.37
130750,95.49
130866,95.5
130967,93.9
131067,93.21
131167,93.99
131268,93.86
131368,94.44
131484,94.77
131587,95.64
131691,96.02
131796,99.53
131898,107.81
131998,101.58
132099,97.18
132216,99.66
132335,101.03
132435,105.27
132538,105.88
132638,104.31
132742,106.61
132842,104.11
132945,106.3
133048,108.8
133149,105.65
133249,102.85
133349,100.88
133450,98.51
133551,96.85
133652,93.98
133753,94.54
133856,95.18
133972,96.4
134074,97.31
134176,96.84
134293,96.1
134407,95.6
134509,95.69
134612,96.82
134714,99.82
134831,115.86
134947,116.01
135047,114.23
135149,112.32
135250,114.39
135353,112.88
135453,113.07
135570,117.05
135670,118.51
135786,122.9
135890,121.56
135990,119.73
136092,122.18
136195,123.07
136295,123.29
136398,126.88
136499,128.29
136599,135.39
136700,132.85
136801,129.99
136902,132.56
137005,131.57
137122,143.13
137241,144.09
137344,146.77
137447,143.17
137547,136.63
137648,140.25
137748,142.83
137848,107.23
137965,111.3
138065,106.58
138165,103.55
138284,103.1
138386,102.83
138487,103.23
138589,103.59
138695,105.23
138811,106.8
138914,107.87
139014,107.63
139114,107.03
139214,104.83
139314,107.14
139416,107.28
139516,107.5
139619,108.31
139738,106.81
139838,106.29
139942,107.05
140044,105.44
140148,106.07
140251,105.46
140351,104.51
140468,104.93
140570,104.58
140671,111.29
140771,145.28
140871,112.34
140988,112.94
141088,127.67
141189,140.59
141290,129.16
141392,122.17
141492,122.04
141592,119.27
141693,116.16
141796,112.81
141897,112.27
141997,126.17
142113,127.78
142215,114.56
142332,109.82
142449,117.81
142565,128.69
142668,123.45
142770,118.77
142878,136.78
142980,136.45
143102,128.6
143218,139.57
143319,130.81
143419,137.78
143522,125.55
143641,127.04
143744,132.68
143846,128.11
143949,138.03
144050,145.36
144152,123.48
144252,110.14
144352,84.27
144454,92.06
144556,102.49
144659,102.21
144761,102.11
144876,102.54
144980,100.66
145081,99.21
145181,99.14
145298,105.35
145401,119.34
145518,103.35
145618,102.32
145733,102.91
145853,112.73
145957,120.69
146073,105.97
146175,103.21
146275,104
146392,104.68
146496,104.54
146612,101.13
146715,97.04
146818,90.59
146918,106.54
147018,108.21
147118,114.04
147220,109.53
147337,101.68
147441,102.59
147542,102.03
147645,103.97
147748,104.73
147848,105.19
147952,103.75
148055,103.9
148159,102.23
148259,104.31
148359,102.3
148462,102.75
148562,103.63
148663,102.29
148764,102.45
148865,101.49
148966,101.98
149070,99.58
149172,97.57
149273,105.74
149374,112.17
149478,100.15
149580,99.11
149683,99.38
149783,98.87
149884,99.6
149984,111.38
150100,101.07
150203,102.07
150304,102.45
150405,105.42
150506,113.98
150606,113.33
150711,112.03
150812,110.12
150915,106.94
151015,106.57
151115,108.42
151216,107.77
151320,108.59
151423,104.58
151527,102.5
151627,100.65
151732,100.59
151854,100.3
151955,102.24
152060,102.01
152177,101.72
152281,108.55
152381,104.01
152497,100.67
152598,99.13
152701,98.13
152801,98.92
152903,125.7
153004,121.61
153105,125.73
153209,115.5
153324,112.62
153424,114.07
153527,112.98
153629,115.8
153731,120.02
153834,125.11
153950,128.93
154052,120.42
154168,118.5
154269,125
154372,127.3
154472,130.01
154574,128.56
154677,126.23
154780,128.34
154883,128.35
154985,128.82
155085,132.06
155185,134.49
155286,141.23
155402,139.2
155510,134.84
155627,138.68
155731,132.67
155831,138.24
155947,120.77
156068,103.77
156168,108.92
156268,103.22
156381,104.69
156485,106.96
156587,106.01
156689,104.17
156793,104.69
156896,104.11
156998,102.79
157114,103.49
157215,104.27
157331,103.43
157436,105.28
157536,108.31
157636,108.3
157738,109.66
157846,108.36
157970,105.49
158071,106.68
158187,107.41
158287,108.77
158388,106.28
158489,105.05
158590,105.83
158692,107.09
158793,119.68
158895,166.75
159011,133.62
159111,115.2
159213,136.3
159315,143.3
159417,134.37
159518,125.83
159618,118.88
159721,123.07
159822,134.35
159922,132.35
160023,146.99
160123,171.47
160226,140.62
160333,123.02
160437,119.78
160553,128.26
160670,121.57
160770,119.13
160886,124.16
160986,124.85
161086,133.12
161186,133.69
161286,127.16
161386,130.56
161490,126.76
161591,137.78
161691,135.77
161793,126.41
161893,130.08
161998,146.74
162100,143.6
162200,137.88
162302,126.55
162404,116.61
162520,90.73
162620,99.07
162720,109.28
162822,109.42
162926,111.04
163042,111.64
163142,109.57
163243,110.18
163360,111.01
163476,114.43
163579,115.6
163680,111.89
163780,112.5
163882,112.1
163983,113.31
164083,128.89
164183,127.39
164285,121.68
164404,119.7
164507,120.3
164609,119.25
164711,118.22
164813,117.36
164914,117.48
165018,109.67
165134,120.75
165234,124.91
165336,126.3
165437,121.98
165539,118.24
165639,122.04
165740,124.52
165841,125.49
165945,132.82
166047,126.59
166147,127.74
166247,129.46
166349,127.03
166450,126.23
166567,125.83
166681,127.57
166784,124.19
166887,122.5
166988,125.77
167092,126.96
167192,127.12
167292,126.02
167392,125.72
167492,124.18
167597,126.19
167713,127.37
167813,131.86
167914,128.03
168014,123.75
168115,126.02
168215,135.73
168331,124.92
168431,125.51
168547,128.32
168648,130.92
168750,131.67
168852,137.64
168970,137.75
169086,133.71
169188,129.99
169288,129.8
169390,129.45
169511,130.63
169612,128.17
169714,127.17
169817,123.23
169933,120.26
170033,120.22
170133,119.9
170234,119.97
170350,122.57
170450,121.76
170551,120.46
170651,119.46
170751,119.91
170853,120.58
170969,121.63
171085,129.64
171187,139.91
171289,135.7
171392,142.21
171495,133.26
171595,129.17
171697,130.73
171800,129.32
171901,129.56
172001,132.64
172101,133
172202,134.32
172302,137.37
172404,135.52
172506,140.17
172609,138.79
172712,140.55
172812,144.23
172916,139.16
173016,142.3
173116,139.85
173218,134.95
173318,137.76
173419,140.78
173521,137.7
173621,142
173723,137
173826,136.96
173929,138.17
174031,138.13
174131,139.62
174231,124.04
174332,117.65
174448,112.63
174551,112.36
174654,114.21
174754,113.14
174858,112.63
174961,112.87
175077,112.57
175177,111.48
175280,111.4
175382,111.85
175482,111.96
175582,111.17
175682,109.3
175784,110.52
175888,112.02
175993,111.65
176096,113.75
176196,111.54
176299,109.3
176399,110.23
176499,109.64
176599,109.37
176703,109.9
176803,111.66
176903,109.19
177005,135.13
177106,164.64
177207,123.06
177324,120.16
177426,124.97
177529,135.38
177631,133.61
177736,120.84
177837,117.79
177951,126.38
178056,130.87
178160,132.63
178262,128.17
178378,129.75
178481,111.99
178597,109.3
178700,119.84
178823,148.61
178924,176.2
179025,155.65
179128,133.24
179229,118.48
179332,129.76
179432,137.53
179532,129.5
179632,123.99
179733,131.45
179837,121.38
179937,126.19
180037,133.8
180137,147.84
180237,140.32
180338,128.13
180438,107.9
180542,84.81
180658,98.32
180758,100.84
180858,100.3
180960,100.23
181063,100.45
181164,99.49
181266,101.01
181370,102.61
181490,120.08
181600,110.01
181713,101.51
181817,102.81
181921,109.54
182026,126.02
182130,112.75
182233,107.82
182334,109.24
182434,110.33
182534,109.26
182644,109.21
182746,106.97
182846,106.98
182951,93.26
183051,101.68
183151,110.31
183251,114.07
183353,112.11
183457,109.19
183559,112.64
183663,111.34
183763,112.56
183864,114.28
183968,113.93
184070,114.23
184170,114.37
184271,114.78
184371,114.32
184474,114.21
184594,115.97
184705,118.49
184808,118.5
184909,116.87
185013,115.87
185114,117.48
185215,115.98
185319,116.14
185435,117.81
185537,115.24
185640,116.94
185742,116.44
185850,115.21
185953,112.15
186069,121.38
186169,130.75
186271,122.32
186374,117.21
186474,119.59
186578,121.12
186695,125.62
186798,130.56
186901,128.4
187004,129.08
187107,129.13
187223,126.58
187327,128.72
187430,129.89
187534,128.61
187638,123.08
187738,118.98
187839,114.71
187941,111.38
188041,113.14
188143,113.32
188245,112.38
188361,112.92
188461,114.02
188578,114.43
188695,111.94
188795,110.97
188899,110.15
189000,114.72
189101,138.2
189201,135.46
189317,126.12
189417,121.59
189517,124.08
189618,127.55
189718,130.42
189821,130
189922,132.76
190022,136.71
190122,133.24
190239,139.85
190341,139.96
190444,144.18
190547,146.92
190663,141.63
190763,138.86
190866,141.87
190967,143.34
191069,146.16
191171,141.11
191272,138.73
191374,144.29
191489,144.4
191606,150.23
191709,145.74
191811,142.04
191911,144.8
192014,141.32
192117,128.02
192221,111.17
192325,110.14
192426,105.61
192527,105.58
192628,106.05
192730,107.42
192830,107.41
192930,103.99
193033,104.16
193134,104.06
193236,102.77
193338,103.49
193439,103.6
193539,104.17
193641,103.84
193741,104.09
193841,104.05
193942,103.73
194042,103.29
194158,101.29
194258,100.65
194359,101.64
194459,99.48
194561,98.92
194664,99.07
194764,100.19
194866,99.57
194966,152.18
195076,144.26
195177,110.57
195278,111.96
195379,129.39
195479,141.87
195579,128.82
195681,115.57
195784,114.54
195900,114.26
196017,112.6
196121,112.68
196237,114.31
196341,128.38
196444,116.22
196547,120.37
196647,111.56
196747,119.63
196851,132.7
196954,126.32
197055,125.06
197157,135.77
197260,136.99
197361,129.58
197461,144.85
197561,125.99
197662,133.94
197766,143.53
197882,130.66
197984,135.24
198085,131.3
198185,144.87
198286,154.11
198386,145.37
198490,127.35
198621,82.31
198733,89.62
198834,101.49
198936,102.77
199038,103.38
199141,103.79
199244,103.54
199344,101.15
199445,103.23
199561,106.97
199661,121.37
199763,108.03
199865,102.24
199969,101.58
200084,112.22
200186,121.36
200289,109.22
200389,110.66
200489,112.03
200592,110.65
200708,108.12
200813,109.07
200929,110.18
201032,106.83
201148,91.92
201248,106.96
201369,112.96
201471,111.6
201573,111.05
201675,112.48
201777,113.82
201880,115.09
201981,115.55
202081,115.69
202186,114.94
202302,116.53
202418,117.96
202520,118.86
202620,120.12
202720,118.43
202820,120.61
202926,119.39
203029,119.22
203145,121.08
203245,117.18
203349,114.95
203449,115.06
203553,129.2
203656,140.44
203756,120
203858,115.92
203962,118.86
204065,120.67
204168,119.48
204270,132.27
204373,119.96
204475,117.48
204578,121.86
204679,123.55
204781,125.34
204887,130
204989,132.1
205089,128.68
205190,128.75
205292,127.74
205396,132.23
205499,132.34
205620,131.99
205724,133.86
205840,125.57
205942,125.91
206059,125.99
206159,124.75
206259,123.93
206360,124.04
206460,122.61
206563,147.08
206679,136.44
206781,122.93
206886,118.82
207002,117.8
207130,127.96
207246,151.3
207347,141.18
207449,141.22
207552,136.48
207654,132.27
207754,134.41
207857,137.5
207959,136.72
208063,133.8
208163,136.77
208269,138.28
208372,140.72
208472,146.33
208576,144.34
208681,146.13
208782,144.18
208884,144.1
208984,148.61
209088,149.46
209205,152.45
209321,149.36
209422,151.17
209522,157.12
209626,156.47
209733,155.8
209833,160.16
209947,156.39
210050,162.52
210167,159.2
210284,138.85
210386,123.55
210486,118.2
210603,116.22
210724,115.59
210839,117.77
210940,116.66
211041,113.94
211144,113.34
211245,114.88
211355,113.9
211458,114.12
211561,114.89
211663,113.22
211769,114.39
211869,116.88
211973,120.63
212077,116.23
212178,113.52
212280,114.86
212380,113.76
212480,112.28
212582,114.99
212684,112.78
212785,114.46
212886,112.76
212988,112.05
213089,123.66
213204,177.66
213306,116.37
213424,121.38
213528,139.91
213630,149.82
213730,139.69
213830,130.6
213932,125.33
214036,138.65
214138,140.37
214240,127.92
214342,150.33
214444,199.13
214547,157.25
214648,127.82
214751,124.6
214853,165.52
214953,136.91
215057,128.43
215159,130.63
215278,133.91
215378,133.79
215478,130.5
215578,127.11
215680,135.36
215781,125.89
215882,133.58
215985,133.85
216086,123.17
216186,126.46
216288,152.66
216405,147.89
216506,152.68
216622,135.74
216725,114.63
216826,85.29
216931,88.05
217047,103.03
217152,101.98
217252,100.95
217358,103.22
217475,103.76
217578,105.37
217678,105.92
217782,118.72
217885,107.96
217988,103.16
218089,104.82
218191,105.99
218295,105.96
218396,117.23
218511,109.09
218632,109.46
218747,108.39
218869,108.54
218973,108.45
219076,106.87
219178,108.18
219281,102.1
219382,97.56
219483,107.35
219601,113.93
219704,110.35
219809,110.31
219926,110.8
220042,113.02
220146,111.66
220250,111.12
220353,111.9
220455,111.75
220555,111.2
220660,112.71
220760,113.52
220877,113.9
220993,114.65
221094,114.04
221195,112.34
221297,113.78
221398,116.96
221498,116.88
221598,115.69
221701,114.17
221804,113.91
221907,113.52
222007,111.52
222107,113.78
222207,114.93
222311,114.14
222428,129.87
222544,120.08
222647,110.19
222750,113.02
222866,118.24
222973,121.75
223089,123.64
223190,127.24
223292,128.15
223395,126.4
223497,124.23
223598,126.36
223714,124.88
223817,123.55
223919,126.75
224036,124.56
224136,120.61
224252,120.69
224352,120.37
224469,120.86
224570,121.3
224671,121.6
224771,120.75
224871,121.57
224973,120.74
225077,120.52
225179,119.85
225295,119.6
225395,126.84
225495,139.83
225596,136.75
225696,138.92
225797,129.34
225898,131.77
225998,132.06
226100,135.34
226202,138.38
226305,138.66
226406,138.57
226506,138.02
226607,137.34
226725,147.28
226825,145.31
226929,147.76
227048,148.92
227150,143.03
227257,147.84
227369,147.07
227470,150.91
227573,153.5
227675,149.25
227775,152.51
227878,157.76
227979,157.24
228081,161.67
228182,161.22
228286,166.56
228386,157.63
228505,133.57
228608,124.03
228709,126
228811,120.18
228914,122.08
229022,119.28
229124,119.6
229225,120.38
229327,121.54
229429,118.7
229552,119.11
229655,118.05
229758,119.9
229858,119.42
229959,120.29
230061,122.64
230162,122.97
230262,122.29
230364,122.28
230465,120.44
230589,119.35
230690,117.76
230791,118.46
230891,119.25
230993,119.38
231095,119.29
231198,118.08
231307,142.16
231409,179.6
231510,130.2
231611,122.26
231727,125.05
231828,145.75
231928,136.11
232031,122.19
232132,115.01
232232,122.34
232332,129.97
232435,128.14
232555,125.86
232659,130.62
232760,113.38
232861,107.83
232977,115.47
233093,119.62
233196,126.43
233296,129.26
233397,127.85
233513,118.73
233616,121.93
233718,130.86
233818,111.45
233918,105.35
234035,122.99
234152,111.87
234256,106.21
234356,113.91
234459,123.09
234561,113.73
234668,94.93
234781,68.92
234885,65.47
234990,82.25
235093,84.84
235194,85.96
235297,86.07
235398,87.33
235499,89.19
235599,87.97
235701,85.46
235802,101.22
235903,93.67
236006,85.45
236106,85.57
236207,91.26
236308,105.49
236408,93.43
236509,89.51
236610,90.02
236714,90.51
236815,90.72
236918,88.59
237019,88.19
237121,87.82
237221,70.24
237338,78.47
237439,88.34
237559,92.6
237670,90.61
237783,90.38
237885,90.48
237986,90.77
238090,89.6
238190,90.79
238294,91.93
238394,92.73
238495,91.56
238595,92.5
238695,91.43
238795,89.55
238895,89.92
238998,90.72
239101,91.43
239203,92.42
239303,92.62
239403,91.55
239503,91.84
239604,90.31
239707,89.48
239810,89.8
239910,88.97
240024,89.91
240128,92.02
240228,89.84
240331,96.85
240434,108.41
240537,98.78
240639,94.35
240742,93.1
240845,94.72
240966,97.65
241070,98.38
241176,100.17
241277,97.63
241403,95.66
241503,96.12
241606,100.73
241707,100.45
241809,97.52
241909,97.03
242012,94.69
242115,93.93
242216,93.02
242318,92.63
242419,93.77
242520,92.67
242636,94.05
242736,94.85
242836,95.04
242936,94.26
243039,93.47
243141,93.84
243241,97.85
243344,121.93
243444,122.57
243547,114.47
243678,116.86
243791,103.88
243891,105.84
243992,102.35
244108,100.97
244209,104.19
244326,106.52
244430,107.5
244548,107.31
244665,108.87
244780,112.54
244883,111.06
245006,114.01
245106,111.93
245208,112.11
245324,112.32
245425,107.72
245541,111.52
245643,111.89
245743,113.64
245846,116.62
245949,115.35
246049,114.68
246149,113.95
246249,116.87
246352,111.35
246469,104.81
246584,108.56
246684,102.29
246796,99.15
246897,100.1
246998,100.23
247099,101.33
247201,101.53
247301,99.76
247404,101
247506,104.37
247610,101.89
247712,100.01
247829,100.79
247929,101
248030,102.19
248132,102.45
248233,100.51
248349,102.43
248466,103.45
248569,103.16
248670,101.76
248774,101.35
248876,100.88
248977,100.06
249079,99.57
249183,101.92
249287,142.98
249387,139.13
249503,105.45
249606,107.02
249711,139.8
249814,124.6
249917,109.29
250019,109.63
250123,108.95
250223,110.33
250323,109.67
250432,110.28
250532,122.03
250635,125.11
250736,113.57
250838,115.95
250938,110.64
251041,113.99
251157,123.97
251275,129.2
251375,118.84
251475,132.39
251591,138.29
251691,133.12
251794,139.49
251895,128.29
251995,139.84
252095,129.44
252199,130.71
252300,135.67
252401,133.13
252503,143.62
252603,149.15
252703,140.7
252804,126.87
252904,90.13
253005,95.09
253110,106.8
253210,106.25
253312,103.66
253415,106.35
253515,108.93
253617,107.91
253720,107.63
253823,111.22
253955,123.23
254056,109.74
254157,105.56
254274,103.94
254390,114.12
254491,128.32
254592,112.28
254692,109.42
254795,111.67
254899,111.62
254999,112.03
255099,109.63
255221,110.01
255323,105.09
255426,91.13
255528,103.5
255632,110.89
255735,110.6
255836,107.96
255936,107.11
256038,110.55
256144,110.1
256257,108.12
256359,108.97
256461,106.98
256565,108
256667,108.22
256784,108.57
256900,109.13
257000,108.9
257100,109.03
257204,109.81
257320,110.14
257420,109.99
257520,110.7
257622,110.79
257722,107.2
257822,105.9
257924,108
258027,107.4
258143,105.82
258243,106.97
258346,105.71
258447,104.15
258547,116.9
258649,125.29
258751,108.32
258851,110.64
258952,115.8
259055,118.34
259156,119.98
259256,121.22
259356,122.89
259458,120.49
259561,118.01
259661,116.87
259763,119.65
259864,119.65
259965,114.65
260069,111.07
260170,110.11
260286,109.99
260387,108.39
260487,108.59
260603,109.46
260706,107.39
260822,107.29
260922,107.37
261025,109.16
261126,108.96
261228,106.65
261331,106.42
261434,115.61
261534,141.45
261634,134.23
261735,135.7
261837,129.38
261937,120.73
262039,122
262141,123.14
262257,123.3
262357,128.38
262459,128.86
262561,129.59
262662,132.46
262764,131.72
262865,135.62
262965,132.59
263065,133.97
263165,139.94
263266,137.82
263369,135.87
263469,138.25
263569,136.81
263669,142.35
263769,142.59
263871,142.26
263975,146.76
264076,139.89
264178,139.25
264296,143.14
264401,148.5
264502,135.39
264606,115
264725,118.21
264827,114.34
264929,112.29
265029,110.67
265132,112.7
265236,113.46
265339,113.78
265442,116.27
265542,115.23
265643,113.45
265745,115.92
265845,115.15
265947,113.08
266047,113.95
266149,117.03
266266,117.91
266382,117.25
266499,117.51
266615,117.92
266717,117.38
266817,116.58
266919,117.43
267019,118.14
267120,119.7
267229,119.74
267337,129.07
267441,171.95
267544,149.01
267647,125.06
267747,127.18
267847,144.12
267952,152.13
268054,138.62
268157,128.14
268257,133.06
268357,141.81
268459,141.39
268576,130.4
268691,234.46
268809,205.83
268910,137.66
269011,129.69
269111,145.02
269211,157.35
269311,135.23
269416,130.68
269516,137.88
269618,148.58
269718,143.98
269837,138.53
269939,139.65
270040,145.17
270145,140.69
270245,150.93
270347,140.9
270447,140.02
270564,161.03
270667,160.46
270767,148.85
270867,149.07
270967,126.69
271069,100.54
271171,102.74
271288,114.9
271388,116.38
271504,116.82
271620,119.74
271724,118.92
271824,119.3
271926,119.11
272027,119.22
272127,134.73
272227,125.26
272328,119.97
272429,121.83
272529,122.53
272631,135.51
272734,138.97
272834,125.11
272937,122.96
273039,125.98
273142,123.55
273242,124.51
273342,126.46
273444,126.8
273550,116.29
273652,111.06
273752,125.13
273855,127.61
273958,128.76
274058,126.16
274159,125.54
274259,129.31
274362,129.1
274465,127.41
274568,127.86
274672,127.78
274774,128.42
274877,130.42
274979,130.15
275083,130.37
275187,129.87
275287,129.59
275387,130.68
275487,129.33
275591,130.7
275694,131.47
275799,130.58
275916,131.14
276017,127.23
276132,128.73
276234,128.33
276339,126.71
276442,126.74
276546,128.04
276648,128.28
276764,132.73
276869,132.34
276973,125.22
277073,124.99
277173,131.41
277290,132.21
277406,133.69
277523,138.36
277639,138.33
277741,135.8
277841,135.88
277942,137.32
278045,137.43
278147,132.36
278255,130.81
278358,125.52
278458,125.73
278575,125.13
278692,125.41
278809,126.14
278928,125.57
279029,124.39
279129,124.32
279231,124.32
279334,122.84
279435,123.09
279535,124.43
279639,128.56
279743,141.19
279860,134.77
279961,140.15
280064,134.61
280180,135.04
280280,136.18
280383,135.25
280484,132.77
280586,137.68
280690,141.93
280794,140.67
280897,141.81
280998,145.3
281101,145.44
281204,148.21
281304,147.97
281407,148.81
281523,149.38
281637,146.75
281759,145.63
281863,145.21
281963,152.7
282064,156.63
282168,152.85
282268,155.34
282384,147.15
282485,147.08
282589,148.57
282705,142.39
282822,122.25
282938,121.69
283039,115.47
283142,116.32
283246,113.08
283363,113.34
283465,114.46
283565,115.21
283668,113.27
283769,111.48
283869,113.37
283971,114.62
284074,113.59
284178,113.72
284280,114.54
284396,112.52
284509,114.36
284612,114.37
284731,113.68
284831,112.34
284931,113.49
285045,113.35
285147,112.73
285250,113.37
285352,114.1
285456,115.08
285572,136.05
285672,179.08
285772,139.01
285874,117.49
285974,116.72
286074,117.6
286175,114.61
286275,117.43
286377,123.79
286481,117.09
286582,119.75
286684,112.3
286785,114.95
286887,119.42
286987,116.83
287087,118.36
287190,119.66
287290,116.63
287412,119.95
287512,115.6
287613,116.92
287729,119.72
287830,114.63
287932,115.53
288064,113.76
288178,113.49
288279,118.65
288381,113.69
288485,122.27
288587,116.74
288687,113.7
288787,118.31
288888,117.02
288989,115.98
289090,121.74
289192,118.24
289293,114.85
289396,120.4
289498,118.61
289602,123.75
289704,123.31
289821,122.32
289937,126.42
290037,115.25
290137,118.9
290239,118.72
290340,118.45
290455,122.76
290555,119.29
290657,117.24
290757,117.29
290861,120.75
290965,127.01
291081,124.11
291181,119.79
291281,119.16
291381,118.96
291485,120.86
291586,127.24
291704,119.84
291818,120.82
291937,120.55
292057,128.57
292159,128.27
292261,122.53
292362,122.74
292463,123.06
292566,123.88
292668,129.71
292772,124.48
292872,126.49
292988,125.19
293089,124.02
293189,129.18
293292,129.88
293394,120.23
293512,133.71
293629,123.17
293748,127.95
293851,127.68
293951,120.53
294051,124.52
294152,120.95
294269,125.64
294385,124.69
294488,119.82
294590,131.5
294690,123.34
294790,124.98
294890,125.42
294991,118
295095,125.67
295210,130.54
295311,123.55
295428,129.57
295544,121.75
295647,125.05
295750,129.81
295851,124.51
295952,127.25
296052,131.54
296168,122.3
296270,129.23
296374,122.68
296474,125.17
296579,132.3
296679,121.23
296780,121.91
296882,121
296983,122.94
297098,132.45
297201,121.91
297302,120.67
297405,123.78
297523,125.18
297650,131.81
297750,119.66
297850,119.14
297954,125.68
298068,121.26
298191,129.45
298295,120.79
298398,119.8
298501,122.48
298617,117.47
298733,130.5
298855,120.84
298955,118.57
299058,135.89
299160,168.27
299263,130.9
299363,123.18
299464,133.01
299564,159
299666,140.52
299766,120.45
299866,130.13
299966,120.54
300066,113.51
300167,117.33
300284,115.04
300399,126.63
300501,118.93
300604,111.08
300707,115.95
300807,113.42
300907,119.88
301008,116.11
301124,106.83
301224,109.64
301327,112.76
301445,116.73
301549,114.79
301658,110.63
301771,113.1
301874,113.48
301977,108.83
302093,116.33
302208,107.03
302310,108.47
302410,111.01
302526,107.89
302626,120.31
302726,108.8
302827,104.87
302944,107.88
303059,110.53
303163,116.7
303269,105.1
303386,107.31
303489,113
303592,111.47
303696,114.26
303798,115.46
303901,106.75
304004,122.95
304106,110.43
304209,111.65
304309,116.27
304413,106.47
304513,110.11
304630,115.55
304731,111.54
304851,119.32
304955,109.84
305060,109.9
305161,113.84
305261,107.77
305362,124.98
305463,109.62
305564,108.39
305665,114.58
305767,108.67
305869,114.88
305985,120.8
306090,109.48
306191,113.64
306291,107.32
306394,111.36
306510,119.56
306610,109.68
306711,110.42
306815,116.34
306916,113.44
307032,120.42
307136,111.06
307252,110.33
307353,119.75
307457,111.7
307557,118.83
307657,110.14
307759,107.91
307874,114.6
307977,109.85
308094,111.7
308194,116.47
308298,111.28
308398,114.23
308498,109.75
308599,108.02
308700,122.82
308803,115.93
308906,109.83
309009,115.82
309112,109.7
309216,119.35
309317,117.13
309419,110.71
309523,113.96
309638,117.15
309756,123.21
309856,118.83
309958,112.63
310058,123.61
310159,126.09
310263,116.17
310364,123.17
310464,121.27
310565,116.93
310670,117.42
310781,115.64
310883,121.11
310983,122.26
311083,111.08
311185,112.5
311286,115.15
311402,124.93
311506,124.86
311610,111.79
311715,113.62
311831,116.27
311931,115.35
312035,125.91
312137,113.29
312253,114.31
312369,115.48
312471,114.35
312571,127.18
312675,116.56
312775,117.24
312892,120.22
312995,118.86
313095,120.4
313199,126.84
313299,120.29
313416,121.31
313532,117.07
313635,123.9
313737,129.49
313837,117.13
313939,135.71
314041,124.68
314142,124.33
314243,130.65
314343,119.42
314446,121.93
314562,127.13
314662,120.31
314779,131.54
314890,117.67
314994,116.67
315097,122.1
315197,117.68
315298,122.72
315399,133.35
315502,118.79
315605,124.97
315707,118.66
315811,124.85
315914,158.1
316014,145.73
316116,119.13
316219,124.88
316319,155.81
316419,169.2
316519,135.6
316636,118.85
316736,124.82
316836,119.34
316952,128.92
317070,123.47
317173,135.61
317277,159.35
317377,147.83
317492,126.51
317593,96.3
317696,107.94
317802,107.65
317904,107.88
318007,109.34
318107,112.02
318208,111.03
318308,109.36
318412,113.12
318515,125.84
318618,111.65
318718,109.09
318822,110.67
318925,114.49
319030,111.93
319132,110.99
319238,108.15
319339,108.48
319439,110.52
319540,111.52
319641,112.21
319757,111.02
319881,110.15
319983,111.89
320087,113.56
320190,113.07
320293,111.4
320393,111.33
320493,110.8
320593,112.71
320694,113
320795,112.74
320895,112.2
320997,112.45
321099,113.26
321200,114.73
321303,115.11
321419,113.94
321522,115.28
321623,114.22
321723,113.94
321826,113.88
321944,114.34
322060,114.76
322181,115.3
322281,115.97
322381,116.45
322482,115.65
322597,115.4
322698,115.38
322799,115.87
322899,116.68
323002,116.02
323105,115.91
323208,116.32
323312,116.37
323413,116.39
323528,116.85
323645,116.64
323746,116.54
