100,377.14
216,376.78
340,377.47
444,378.29
566,379.34
681,379.71
799,380.46
903,380.72
1027,379.77
1144,383.07
1261,383.29
1377,380.99
1501,380.59
1608,380.98
1725,380.63
1841,380.71
1961,380.08
2066,380.64
2181,381.03
2298,381.6
2401,381.01
2517,383.48
2619,387.63
2735,386.72
2853,382.78
2978,380.77
3097,381.75
3200,382.4
3302,382.59
3417,382.07
3518,381.26
3618,381.13
3718,382.04
3819,381.51
3920,381.52
4022,383.01
4127,383.21
4243,385.01
4346,384.74
4448,383.72
4568,382.93
4688,383.39
4789,383.49
4905,382.47
5006,382.75
5111,383.46
5227,382
5328,382.51
5428,383.08
5529,382.35
5629,383.37
5729,386.11
5831,555
5934,555
6035,555
6145,555
6249,433.75
6366,433.12
6484,439.16
6601,449.8
6701,441.66
6801,447.96
6903,443.49
7005,441.46
7106,445.85
7209,451.54
7310,442.96
7412,466.13
7513,477.36
7615,460.92
7717,461.28
7820,459.51
7922,456.73
8038,464.08
8140,433.87
8240,455.35
8342,469.2
8442,466.25
8542,445.63
8643,451.18
8760,455.43
8877,465.77
8995,456.79
9098,456.44
9198,447.26
9301,445.27
9404,444.95
9507,442.97
9607,454.36
9707,461.47
9825,428.42
9940,442.77
10043,437.45
10144,428.21
10248,448.58
10368,457.77
10486,459.26
10604,435.77
10720,437.35
10820,455.04
10920,470.17
11037,465.78
11153,475.7
11256,448.08
11375,442.51
11494,457.29
11599,479.54
11701,450.64
11801,450.59
11904,454.42
12005,450.66
12107,433.08
12222,444.82
12326,432.77
12442,445.39
12542,666
12659,666
12777,666
12895,666
13016,359.02
13122,359.95
13224,360.07
13325,359.97
13429,370.57
13547,360.9
13649,360.44
13768,359.51
13884,361.1
13999,361.87
14102,362.38
14207,362.68
14310,362.75
14414,361.74
14530,361.74
14630,361.12
14731,361.06
14831,360.98
14948,361.52
15052,361.4
15170,362.43
15288,362.45
15390,362.05
15493,362.51
15595,363.08
15695,362.12
15796,361.68
15899,361.42
16000,361.98
16103,363.3
16224,365.62
16327,365.9
16447,363.38
16567,362.15
16685,362.3
16787,362.68
16888,363.56
17005,363.78
17128,362.84
17230,363.13
17332,363.45
17432,363.98
17534,363.71
17634,363.95
17736,364.34
17839,363.66
17939,363.24
18039,363.89
18142,364.53
18243,364.2
18343,364.52
18447,365.4
18563,364.92
18663,365.61
18780,366.56
18898,366.13
19000,366.27
19103,366.3
19205,367.37
19309,368.29
19425,555
19527,555
19646,555
19746,555
19848,399.21
19968,400.06
20087,376.84
20190,385.9
20296,394.69
20399,395.93
20499,383.84
20603,388.07
20705,383.03
20807,381.7
20909,376.51
21011,385.14
21114,396.11
21216,393.37
21320,393.4
21436,391.26
21536,392.98
21636,391.25
21737,401.88
21837,406.5
21953,401.01
22054,405.31
22173,401.61
22289,395.34
22393,393.93
22493,379.53
22593,397.75
22693,400.42
22793,386.9
22893,384.57
22996,383.47
23112,387.35
23214,393.04
23317,390.89
23420,396.71
23538,406.66
23639,398.65
23741,395.26
23841,379.71
23941,389.82
24057,406.54
24176,405.03
24294,396.12
24397,387.18
24497,389.98
24600,395.82
24700,403.22
24800,401.6
24903,395.05
25005,398.74
25121,390.86
25221,381.98
25322,398.98
25423,406.16
25527,395.53
25648,394.93
25766,402.41
25885,401.95
26003,666
26105,666
26221,666
26321,666
26422,376.89
26524,378.34
26633,378.29
26757,380.41
26867,381.64
26986,378.67
27103,379.42
27203,380.84
27304,381.26
27408,380.58
27511,380.55
27612,380.37
27713,381.37
27829,381.59
27929,381.85
28029,382.17
28129,381.42
28234,381.9
28351,383.13
28467,383.7
28587,384.44
28705,384.41
28807,384.07
28908,383.26
29015,382.7
29132,383.18
29250,383.29
29368,383.25
29491,382.68
29593,384.13
29693,384.77
29797,383.45
29899,383.99
30001,382.65
30104,382.1
30206,382.41
30309,383.07
30412,383.18
30515,382.77
30618,382.18
30718,382.34
30834,382.56
30937,382.02
31038,381.58
31141,381.42
31245,381.89
31345,382.09
31446,382.33
31563,381.47
31680,381.38
31796,381.44
31899,381.15
32000,381.54
32100,381.38
32203,381.11
32312,380.56
32415,380.05
32518,380.26
32620,380.62
32739,381.82
32840,381.72
32942,555
33043,555
33158,555
33259,378.41
33376,387.46
33512,393.82
33615,389.1
33716,390.29
33838,393.5
33939,399.47
34039,402.48
34140,386.23
34240,382.46
34342,386.48
34444,397.22
34545,389.62
34662,384.57
34780,386.74
34898,390.19
35000,394
35102,388.99
35205,387.58
35321,381.36
35438,383.56
35539,392.73
35640,394.25
35740,392.98
35840,385.77
35941,379.93
36041,387.02
36142,385.24
36260,391.82
36376,386.5
36493,377.69
36611,384.98
36712,388.8
36812,391.65
36914,385.54
37017,387.57
37119,389.54
37220,390.57
37322,395.12
37424,387.51
37542,384.81
37643,392.7
37745,396.15
37850,397.93
37968,405.77
38084,401.88
38185,402.33
38301,405.54
38404,412.67
38507,412.62
38622,402.43
38723,400.32
38826,401.91
38944,411.83
39045,421.24
39162,397.9
39263,407.07
39382,407.13
39500,419.7
39616,666
39717,666
39817,666
39918,666
40021,389.84
40123,388.71
40224,389.18
40328,388.53
40448,390.22
40566,388.24
40684,388.14
40787,388.16
40904,387.1
41020,387.34
41120,386.46
41223,385.53
41340,386.07
41455,385.24
41573,385.13
41693,385.23
41811,384.09
41914,384.47
42018,383.82
42118,383.65
42221,383.57
42323,382.88
42426,382.32
42544,381.68
42644,381.69
42745,381.38
42846,380.54
42964,380.15
43065,379.86
43185,381.53
43288,381.88
43406,381.97
43524,382.07
43627,379.11
43744,379.4
43847,379.25
43964,378.61
44065,378.4
44184,379.16
44285,379.02
44388,378.79
44490,379.08
44594,378.49
44709,379.12
44812,380.22
44915,379.71
45024,379.53
45129,378.94
45248,378.5
45368,378.84
45484,378.16
45585,378.97
45690,379.5
45791,378.99
45908,378.7
46024,378.92
46124,379.07
46227,380.49
46345,381.17
46445,555
46549,555
46653,555
46773,402.5
46891,388.83
47010,396.56
47126,393.58
47227,390.83
47328,394.86
47429,400.58
47532,396.03
47633,389.42
47735,401.1
47835,395.39
47936,393.66
48037,393.99
48137,398.49
48238,403.35
48338,389.85
48439,387.86
48539,391.22
48642,395.8
48759,390.08
48860,396.88
48977,396.11
49101,398.22
49214,393.51
49314,397.15
49414,403.01
49526,403.75
49629,395.1
49729,393.32
49830,397.65
49932,397.29
50056,391.65
50175,393.27
50292,397.34
50394,394.54
50496,395.63
50599,395.53
50729,407.09
50832,393.58
50955,394.96
51058,402.98
51177,399.91
51292,393.05
51394,395.31
51494,398.11
51597,391.06
51699,393.65
51815,400.38
51932,403.48
52051,401.27
52169,393.27
52285,396.52
52387,410.03
52490,402.02
52602,399.53
52721,400.38
52822,405.57
52925,405.46
53028,414.65
53144,409.24
53247,666
53367,666
53482,666
53599,666
53704,390.94
53833,391.42
53933,394.45
54050,399.44
54166,393.88
54285,392.07
54402,392.97
54522,392.8
54624,393.19
54724,394.09
54825,393.61
54926,393.46
55027,394.43
55143,395.11
55260,394.82
55377,394.73
55496,395.93
55612,396.06
55716,396.74
55819,397.01
55922,397.06
56022,397.64
56123,397.42
56227,396.78
56343,396.81
56446,397.42
56562,398.11
56664,396.9
56785,398.5
56904,399.9
57009,398.38
57125,398.6
57241,398.19
57341,398.77
57441,399.05
57541,398.88
57641,398.99
57741,399.66
57842,400.01
57944,399.61
58045,400.33
58145,400.04
58248,400.09
58369,399.68
58487,399.76
58589,400.76
58690,401.15
58792,401.38
58895,401.8
58998,401.6
59102,401.31
59220,401.77
59320,401.27
59421,402.32
59523,402.26
59627,401.4
59747,400.65
59864,401.94
59980,405.68
60098,555
60198,555
60302,555
60407,555
60522,423.96
60638,410.03
60739,404.08
60856,406.65
60975,413.75
61091,407.76
61194,403.2
61297,405.51
61399,401.92
61500,408.59
61605,401.58
61709,409.44
61812,409.31
61912,406.77
62013,403.15
62114,405.84
62215,401.52
62332,409.06
62434,413.48
62535,409.98
62635,406.28
62739,407.65
62840,401.94
62944,404.59
63048,408.31
63166,400.19
63285,409.15
63387,403.04
63490,398.45
63593,396
63710,399.34
63828,403.36
63943,407.31
64045,403.82
64163,402.95
64283,401.55
64397,402.68
64500,394.47
64600,395.54
64705,402.1
64805,398.41
64908,397.65
65009,393.98
65110,395.2
65212,397.63
65315,404.1
65415,405.01
65532,398.42
65650,402.05
65766,396.73
65883,395.04
65986,401.43
66086,397.66
66186,395.24
66289,395.89
66390,406.68
66493,405.88
66597,666
66713,666
66813,666
66913,666
67029,382.84
67129,383.31
67230,383.15
67333,383.5
67434,384.59
67536,383.51
67643,383.7
67748,384.48
67864,383.74
67980,383.27
68100,383.21
68200,382.41
68302,381.81
68403,382.56
68503,382.97
68603,382.46
68707,381.96
68810,381.39
68927,380.71
69028,380.62
69128,380.25
69230,380.03
69348,381.85
69463,381.65
69581,381.26
69685,380.31
69785,380.85
69888,381.77
69991,381.5
70109,382.4
70209,384.22
70309,386.23
70411,384.87
70513,384.48
70615,382.56
70732,383.74
70834,382.56
70937,382.03
71040,382.2
71143,381.94
71247,381.51
71368,382.76
71489,382.4
71592,382.39
71692,382.06
71795,381.78
71899,382.74
72008,382.92
72111,381.62
72214,381.95
72319,382.24
72421,381.9
72537,381.53
72640,381.47
72756,381.78
72874,382.7
72989,383.05
73108,382.65
73210,383.98
73311,386.77
73414,392.33
73517,555
73627,555
73741,555
73844,555
73944,385.39
74047,403.73
74165,398.96
74284,394.35
74399,399.24
74499,402.87
74601,403.66
74701,393.66
74804,391.65
74922,395.9
75042,402.88
75144,396.97
75247,390.29
75365,396.82
75481,396.71
75599,401.33
75699,397.86
75799,397.17
75899,400.57
76016,394.94
76133,400.03
76236,398.89
76336,403.73
76439,397.27
76539,393.4
76642,399.01
76759,400.08
76878,404.57
76996,400.01
77114,396.1
77229,396.26
77330,397.04
77432,398.91
77535,397.66
77639,398.53
77742,397.21
77846,404.43
77948,404.62
78052,395.93
78168,394.08
78285,399.34
78386,400.91
78488,406.49
78589,403.09
78689,400.58
78790,400.05
78892,400.24
79009,407.18
79110,407.07
79213,402.63
79315,400.41
79417,399.93
79518,407.33
79618,412.26
79724,402.8
79825,400.48
79928,406.79
80045,418.56
80164,666
80282,666
80398,666
80500,666
80615,392.31
80734,390.28
80835,390.34
80942,393.05
81045,391.89
81162,389.81
81282,390.08
81398,391.34
81499,390.67
81603,389.96
81719,389.81
81819,389.58
81922,389.56
82027,390.19
82145,390.06
82247,389.36
82364,389.33
82481,390.87
82600,389.88
82705,389.93
82810,390.19
82927,389.51
83027,389.75
83143,389.43
83244,388.69
83345,388.65
83449,388.22
83566,388.25
83682,388.98
83784,390.39
83886,390.8
84000,388.75
84103,388.48
84203,387.05
84306,388.56
84406,387.5
84507,387.34
84609,387.32
84710,386.99
84811,387.08
84911,386.97
85011,386.82
85136,386.08
85239,385.78
85341,386.15
85444,385.98
85545,385.14
85649,385.34
85767,384.95
85885,385.14
85986,385.2
86090,384.28
86190,384.01
86294,383.71
86399,383.38
86499,384.06
86602,383.74
86706,383.99
86809,385.03
86912,386.69
87012,555
87112,555
87212,555
87328,555
87431,390.09
87533,395.17
87635,395.5
87736,392.96
87852,391.17
87972,399.16
88089,393.91
88191,389.28
88293,393.73
88397,398.37
88513,392.64
88615,396.68
88716,402.22
88817,399.52
88918,388.37
89019,387.37
89136,389.74
89254,388.97
89374,385.83
89492,391.65
89592,389.88
89709,390.04
89809,387.93
89909,393.46
90009,395.71
90109,396.21
90209,387.27
90310,386.52
90412,388.63
90517,388.42
90618,385.2
90718,388.27
90835,392.61
90935,389.34
91035,387.33
91136,387.89
91236,389
91337,401.47
91444,386.76
91546,388
91650,395.88
91770,389.81
91887,384.9
91987,386.89
92088,388.45
92190,382.43
92290,387.19
92393,392.96
92498,392.02
92598,394.75
92698,391.66
92801,388.19
92902,396.7
93005,394.81
93106,390.98
93206,389.03
93309,392.26
93412,396.48
93515,395.77
93618,405.44
93719,397.59
93838,666
93953,666
94056,666
94176,387.92
94295,377.4
94398,378.46
94501,379.8
94604,384.51
94705,385.96
94808,379.63
94910,379.64
95014,380.43
95117,381.86
95217,381.53
95318,381.26
95420,381.35
95524,380.75
95640,382.11
95744,382.3
95844,381.98
95948,381.84
96049,382.11
96165,382.15
96282,382.06
96385,382.4
96500,382.16
96614,382.72
96730,384.11
96830,383.24
96932,382.52
97048,382.58
97170,383.61
97289,384.12
97389,386.04
97510,386.13
97610,385.33
97711,384.94
97816,384.64
97919,384.04
98022,383.62
98124,384.1
98227,384.72
98343,384.86
98445,385.04
98545,385.76
98646,385.38
98747,385.98
98848,386.52
98966,386.43
99084,386.53
99199,386.9
99302,386.71
99402,386.69
99503,387.61
99606,387.55
99706,387.1
99823,387.64
99926,387.67
100030,387.82
100149,388.9
100250,389.94
100369,389.98
100485,391.42
100587,408.34
100702,555
100803,555
100903,555
101019,555
101136,412.47
101237,396.14
101353,392.09
101453,398.84
101571,404.84
101702,397.31
101805,396.18
101905,396.86
102029,401.58
102129,393.75
102229,392.85
102331,401.09
102448,398.07
102564,394.21
102680,394.75
102798,391.13
102914,392.9
103014,401.56
103117,400.06
103219,397.6
103322,398.09
103438,392.9
103538,398.25
103639,399.24
103739,388.33
103840,394.95
103942,391.13
104042,389.22
104144,387.7
104246,389.42
104365,392.43
104483,395.6
104601,394.3
104702,396.58
104811,393.52
104927,396.89
105029,384.98
105133,388.51
105234,395.44
105351,394.22
105468,390.46
105584,386.98
105700,387.47
105800,390.07
105901,394.04
106001,395.37
106118,391.28
106218,397.36
106319,389.66
106421,387.47
106522,391.13
106627,394.54
106745,392.34
106849,392.01
106967,408.65
107108,407.07
107216,666
107336,666
107454,666
107573,376.09
107693,380.28
107809,381.54
107912,381.34
108016,382.4
108118,382.41
108218,379.72
108318,380.23
108420,380.12
108523,380.68
108625,380.82
108725,380.64
108842,379.6
108945,379.19
109050,378.7
109170,378.2
109287,378.39
109404,379
109504,378.11
109604,377.29
109720,377.01
109822,377.65
109925,377.42
110027,377.72
110147,376.34
110263,376.28
110380,376.59
110499,376.41
110601,377.31
110707,376.86
110809,377.84
110911,380.57
111011,379.69
111114,380.52
111217,379.06
111319,379.35
111422,379.79
111522,379.43
111638,379.33
111738,379.48
111839,379.58
111943,379.44
112057,379.45
112175,379.12
112293,378.76
112403,379.06
112522,379.29
112626,379.84
112742,379.61
112853,380.2
112974,379.83
113094,379.65
113209,379.28
113311,379.12
113411,379.66
113513,381.07
113615,380.63
113721,380.34
113822,381.76
113922,383.63
114024,391.9
114126,555
114230,555
114343,555
114443,555
114544,392.01
114644,400.23
114744,389.14
114844,389.63
114947,391.62
115065,401
115181,394.71
115300,389.58
115402,389.93
115522,399.82
115624,401.08
115729,388.57
115848,392.56
115964,395.39
116065,397.82
116184,400.63
116285,393.59
116389,400.7
116505,392.45
116608,389.78
116708,396.23
116811,397.64
116911,396.33
117015,390.52
117115,393.34
117215,395.08
117315,393.42
117415,397.87
117518,392.45
117619,393.1
117721,396.76
117821,397.49
117922,397.14
118023,394.13
118126,392.84
118245,393.17
118349,395.24
118453,401.9
118570,393.31
118687,388.8
118790,392.56
118906,395.12
119010,397.82
119114,399.8
119230,396.06
119332,396.59
119432,396.35
119533,405.24
119634,397.42
119735,396.18
119838,395.89
119938,394.91
120055,400.85
120175,404.04
120295,395.65
120414,400.52
120530,411.75
120630,431.45
120730,666
120831,666
120933,666
121039,666
121140,389.64
121245,387.27
121349,387.09
121450,389.36
121571,391.49
121688,388.19
121805,387.21
121907,386.96
122009,387.54
122111,387.96
122211,388.22
122327,386.59
122428,385.94
122531,387.06
122634,387.52
122734,386.99
122835,386.65
122935,387.17
123035,386.84
123135,387.1
123237,387.29
123339,387.8
123441,387.16
123542,387.03
123652,386.16
123759,386.27
123860,386.84
123980,386.33
124101,386.6
124217,386.38
124317,387.47
124420,388.37
124523,387.22
124627,387.85
124744,385.82
124847,386.03
124968,386
125086,385.86
125204,385.46
125319,385.48
125421,385.06
125523,384.86
125623,384.08
125726,383.38
125832,383.63
125948,383.95
126053,384.25
126172,383.66
126288,382.99
126389,383.14
126506,382.57
126622,382.68
126722,382.43
126827,382.18
126945,381.85
127047,381.57
127166,381.37
127287,381.48
127387,383.82
127490,382.99
127592,555
127695,555
127795,555
127895,555
127995,386.16
128095,386.4
128195,392.12
128297,390.2
128397,389.52
128501,391.88
128619,397.13
128721,395.16
128822,388.92
128937,397.53
129038,393.24
129154,389.38
129259,395.51
129376,402.69
129490,388.38
129592,387.01
129694,388.12
129811,396.58
129927,389.19
130030,388.49
130132,386.93
130233,390.14
130336,389.03
130436,385.18
130539,390.87
130640,392.15
130740,395.8
130843,382.55
130944,383.9
131045,385.83
131147,384.93
131248,382.44
131367,384.54
131483,387.85
131602,385.27
131706,387.01
131825,387.61
131928,397.63
132048,383.94
132164,385.87
132266,391.46
132384,388.85
132484,386.4
132586,414.19
132687,412.11
132787,386.64
132887,385.12
132987,390
133089,389.54
133190,392.8
133293,390.71
133393,384.91
133493,391.83
133596,392.52
133698,388.1
133802,385.93
133904,388.44
134005,392.45
134108,394.82
134224,407.96
134330,666
134443,666
134544,666
134648,666
134771,378.53
134890,375.24
134993,377.4
135099,378.83
135214,381.08
135334,379.32
135454,378.01
135574,378.6
135693,379.6
135793,380.01
135896,379.66
136000,379.21
136103,379.01
136204,380.21
136307,379.86
136411,380.1
136527,381.09
136641,381.37
136744,380.94
136847,381.27
136967,380.84
137084,379.83
137200,380.56
137303,381.79
137408,382.08
137511,382.46
137631,382.37
137734,382.71
137838,382.35
137938,383.54
138038,385.1
138141,383.49
138246,384.87
138367,383.21
138484,383.48
138586,383.19
138704,383.01
138804,383.08
138907,383.18
139009,383.39
139112,383.53
139232,383.7
139335,383.74
139439,384.4
139542,383.89
139644,383.45
139748,383.9
139864,384.4
139983,384.73
140101,385.28
140201,384.09
140304,383.56
140406,384.76
140507,384.97
140608,385.8
140710,385.14
140811,385.18
140929,385.77
141030,387.22
141134,389.28
141234,406.76
141338,555
141441,555
141545,555
141656,555
141773,407.16
141889,389.69
141990,391.72
142093,400.67
142193,401.54
142296,399.02
142398,392.79
142501,395.48
142604,392.07
142704,395.08
142804,390.47
142904,395.18
143005,396.02
143107,395.28
143209,393.24
143311,392.4
143414,390.16
143514,387.55
143617,401.43
143734,402
143837,396.02
143937,396.37
144037,391.58
144139,392.97
144244,397.13
144347,387.78
144447,395.45
144563,392.18
144678,389.52
144796,387.26
144897,391.35
144999,393.58
145099,397.88
145211,393.66
145313,395.29
145416,396.81
145517,393.02
145618,396.06
145724,385.29
145842,393.12
145962,393.28
146065,391.52
146184,387.42
146300,386.64
146409,386.54
146511,390.53
146612,393.66
146715,395.55
146816,395.15
146917,396.58
147020,398.28
147124,390.34
147241,395.36
147357,387.88
147461,388.85
147581,403.83
147696,416.01
147797,413.58
147897,666
148014,666
148117,666
148217,374.72
148317,375.7
148420,375.87
148523,374.83
148627,374.34
148748,375.7
148866,373.74
148983,374.09
149085,374.39
149202,374.08
149306,373.86
149407,373.84
149510,373.55
149613,373.53
149717,373.11
149821,372.94
149921,372.59
150024,372.62
150127,372.5
150244,370.8
150348,371.16
150464,371.76
150581,370.76
150695,370.49
150796,370.52
150898,370.18
151001,369.39
151101,369.35
151202,368.97
151327,368.81
151438,368.98
151541,371.95
151645,371.56
151763,370.88
151865,370.64
151983,371.33
152098,371.19
152214,370.72
152318,370.11
152419,369.94
152523,369.91
152626,370.67
152730,370.39
152851,370.97
152969,371.6
153085,370.58
153186,370.01
153305,371.7
153408,370.63
153510,370.44
153613,370.66
153715,370.46
153815,369.39
153931,370.29
154034,370.13
154137,369.88
154237,370.5
154338,370.28
154454,370.81
154571,376.16
154703,555
154808,555
154910,555
155013,555
155130,379.06
155230,397.15
155330,387.17
155432,382.03
155535,384.91
155638,388.31
155738,392.04
155841,381.28
155943,382.3
156047,381.53
156163,386.32
156264,393.66
156384,379.81
156502,385.87
156604,384.99
156708,387.09
156809,391.4
156909,387.77
157010,389.2
157113,388.89
157215,384.21
157315,388.61
157419,387.9
157520,392.45
157622,384.55
157722,382.75
157822,387.82
157925,386.01
158033,392.81
158152,388.21
158252,382.31
158367,387.8
158488,388.05
158606,385.63
158711,383.49
158828,385.81
158929,383.84
159035,393.5
159137,390.39
159238,382.12
159353,381.51
159456,387.08
159574,388.5
159691,392.05
159807,388.37
159907,386.3
160008,386.92
160110,386.41
160226,393.7
160330,386.48
160432,389.41
160533,388.6
160636,389.55
160753,396.58
160869,388.29
161009,390.01
161112,397.01
161214,396.14
161317,399.58
161433,666
161537,666
161639,666
161739,389.85
161841,380.97
161941,380.19
162041,380.91
162142,382.89
162246,381.6
162347,380.88
162448,381.46
162564,381.04
162666,381.68
162784,381.23
162901,380.77
163005,380.27
163109,381.2
163212,381.17
163315,381.17
163418,379.56
163520,380.51
163623,380.96
163727,380.08
163844,379.37
163944,379.72
164044,379.4
164147,379.49
164250,380.67
164365,380.46
164485,379.77
164604,379.41
164713,379.06
164813,378.58
164917,378.49
165020,381.21
165120,380.65
165237,378.2
165353,376.94
165458,378.59
165576,377.9
165691,377.46
165808,377.32
165909,376.53
166011,376.01
166114,376.02
166217,375.45
166333,375.43
166435,374.72
166535,373.87
166635,373.58
166741,373.95
166842,373.56
166943,373.76
167060,374.04
167178,374.42
167300,373.04
167416,372.57
167533,373.36
167655,372.55
167773,371.59
167893,371.65
168012,372.83
168113,372.3
168217,555
168335,555
168438,555
168539,555
168642,376.62
168742,382.29
168842,382.84
168945,380.76
169045,379.97
169161,387.52
169263,385.04
169383,379.5
169500,382.28
169615,382.68
169716,381.1
169818,382.09
169918,386.62
170022,390.45
170124,379.08
170226,378.48
170343,378.69
170446,379.66
170563,374.42
170664,380.99
170781,379.97
170901,380.78
171021,376.84
171134,383.29
171235,385.98
171340,388.7
171440,374.78
171541,374.81
171644,376.55
171744,374.75
171861,373.02
171978,375
172099,376.54
172217,374.52
172317,377.23
172420,378.42
172521,387.87
172623,375.62
172744,377.47
172848,384.25
172966,381.13
173084,376.79
173185,377.02
173287,378.4
173402,374.37
173520,375.97
173625,381.35
173737,385.6
173855,382.2
173972,375.34
174087,385.79
174188,385.59
174291,380.08
174394,379.56
174500,383.19
174619,386.85
174719,389.74
174819,401.22
174919,394.42
175019,666
175119,666
175221,666
175328,666
175440,369.98
175543,369.32
175643,368.81
175755,372.16
175859,377.25
175976,373.06
176095,371.79
176196,371.2
176313,371.82
176429,373.02
176532,372.47
176634,372.86
176739,373.45
176840,373.24
176940,372.83
177040,375.59
177160,372.94
177276,374.06
177393,373.57
177501,373.91
177615,373.46
177717,373.76
177835,374.24
177951,374.69
178051,376.29
178172,375.97
178291,375.05
178394,375.09
178496,374.84
178614,377.12
178733,378.6
178853,378.36
178971,377.02
179090,376.39
179194,376.18
179296,377.51
179396,377.58
179500,377.25
179605,377.98
179724,378.33
179828,378.59
179948,378.38
180049,378.11
180166,378.95
180283,378.76
180404,379.19
180523,379.2
180626,379.92
180729,380.3
180846,380.2
180948,379.71
181051,379.92
181172,380.14
181288,381.18
181388,381.73
181493,381.05
181600,381.4
181714,384.82
181830,395.71
181946,555
182047,555
182163,555
182266,391.34
182383,408.08
182485,384.35
182587,389.97
182688,396.51
182788,395.87
182893,390.25
182999,388.51
183101,392.26
183205,389.54
183307,390.81
183425,386.97
183530,392.39
183650,390.12
183767,387.37
183884,388.3
184001,384.8
184102,386.31
184202,393
184302,397.71
184404,388.33
184504,389.77
184609,385.35
184729,390.04
184850,392.74
184970,383.4
185086,388.41
185188,384.58
185289,382.25
185389,381.08
185492,383.5
185598,387.89
185701,388.61
185803,385.96
185905,387.37
186008,386.04
186111,387.93
186231,378.3
186348,379.64
186464,387.1
186581,388.3
186699,382.14
186799,380.27
186900,380.37
187001,380.66
187118,384.76
187236,385.64
187353,383.8
187454,389.52
187572,391.3
187701,383.97
187805,386.26
187905,384.32
188024,383.94
188143,403.69
188259,409.91
188378,666
188498,666
188601,666
188708,666
188811,370.09
188913,370.21
189018,374.87
189138,373.17
189254,372.5
189371,370.34
189489,370.05
189593,370.91
189700,371.17
189812,370.17
189912,369.49
190013,371.18
190119,370.62
190235,369.42
190354,370.03
190455,370.34
190576,368.96
190693,368.21
190799,368.12
190903,368.13
191021,367.69
191138,367.37
191258,367.47
191375,367.41
191490,367.28
191592,367.34
191692,366.74
191800,365.74
191904,365.3
192004,366.18
192107,366.67
192211,365.67
192312,365.69
192414,363.71
192532,365.91
192651,366.07
192771,365.88
192886,366.15
192988,365.93
193088,365.65
193194,365.33
193294,365.75
193397,365.9
193499,365.65
193599,365.71
193700,365.58
193804,366.36
193906,366.3
194007,366.08
194125,366.85
194251,366.09
194362,366.25
194466,366.48
194583,366.2
194687,366.77
194788,367.06
194889,366.47
194991,367.42
195100,369.9
195213,377.13
195313,555
195413,555
195513,555
195630,555
195745,379.35
195846,389.08
195962,375.27
196064,377.49
196180,383.9
196298,387.54
196401,381
196501,376.05
196604,377.19
196725,387.79
196842,388.29
196964,375.76
197065,377.56
197184,380.08
197301,384.75
197403,388.97
197506,383.51
197609,395.4
197709,382.19
197813,382.81
197916,382.31
198016,387.4
198118,385.7
198220,377.6
198321,380.5
198426,380.96
198545,385.59
198665,389.15
198780,379.7
198898,379.68
198998,385.06
199101,385.04
199202,382.52
199305,380.97
199409,381.86
199512,379.75
199613,382.92
199717,389.66
199818,375.59
199936,379.11
200057,384.85
200174,381.98
200289,388.22
200392,383.11
200508,383.91
200610,382.29
200713,384.3
200814,392.82
200914,383.5
201017,384.56
201134,383.11
201253,392.15
201373,392.79
201492,383.29
201594,389.37
201697,393.97
201813,400.86
201913,666
202014,666
202115,666
202218,666
202318,375.66
202435,376.65
202555,377.51
202671,376.62
202788,377.02
202904,374.88
203004,374.86
203108,374.67
203211,376.24
203311,376.19
203416,374.18
203517,375.15
203622,374.42
203725,374.19
203830,375.22
203950,376.17
204054,374.16
204174,373.43
204292,373.79
204395,373.88
204499,374.42
204602,373.68
204707,373.47
204807,373
204927,373.45
205045,373.62
205166,373.39
205285,371.91
205402,372.57
205504,372.89
205608,375.47
205711,374.39
205816,373.55
205934,371.11
206054,370.33
206174,370
206292,370.53
206410,370.17
206510,369.4
206613,369.3
206716,369.54
206824,371.13
206928,369.45
207046,369.66
207161,369.27
207263,369.39
207382,369.44
207485,368.41
207590,369.03
207692,368.58
207792,368.1
207901,368.36
208005,367.87
208121,367.74
208223,367.3
208340,367.86
208459,368.99
208576,368.61
208693,368.93
208809,376.61
208910,383.28
209012,371.4
209112,370.72
209216,392.99
209316,390.45
209420,382.11
209522,381.3
209625,376.14
209728,371.26
209847,368.59
209964,366.36
210067,367.87
210184,369.93
210303,368.74
210404,366.53
210506,371.86
210609,372.38
210711,365.47
210811,364.92
210912,365.3
211013,369
211113,365.1
211217,364.52
211318,369.63
211421,372.22
211524,365.67
211629,363.84
211747,362.68
211864,368.93
211983,368.25
212086,364.32
212189,362.67
212292,363.47
212414,367.2
212514,361.47
212616,364.01
212719,367.61
212821,370.04
212922,366.83
213023,365.18
213127,363.79
213244,366.74
213360,365.46
213464,363.21
213581,363.97
213700,371.41
213800,368.96
213900,364.13
214000,364.43
214100,364.94
214203,369.2
214307,366.81
214428,363.51
214530,369.59
214656,378.45
214776,377.18
214894,362.9
215000,365.52
215114,368.67
215214,370.07
215319,366.24
215422,372.98
215524,377.32
215628,372.08
215746,366.71
215863,365.46
215983,369.68
216084,369.29
216188,365.8
216290,366.38
216410,368.3
216514,370.4
216619,365.38
216719,366.35
216835,367.96
216935,367.61
217053,368.83
217171,366.92
217290,367.08
217405,375.27
217510,381.2
217612,366.63
217715,368.1
217818,370.22
217920,371.77
218028,369.32
218150,368.16
218269,378.98
218388,375.48
218489,372.23
218593,370.87
218693,368.22
218810,378.82
218913,374.39
219016,368.88
219118,371.78
219221,373.41
219345,373.09
219447,374.14
219568,372.01
219686,374.09
219787,383.9
219888,372.97
220000,375.74
220104,381.19
220226,391.48
220328,390.67
220443,372.43
220545,378.23
220647,389.72
220768,384.15
220887,374.46
220987,389.43
221087,390.56
221204,381.45
221321,375.87
221423,372.3
221529,374.76
221650,380.86
221767,373.32
221885,373.23
221990,383
222091,381.43
222193,375.2
222293,375.02
222396,375.8
222501,381.68
222604,381.27
222707,382.29
222808,380.93
222927,387.4
223042,384.14
223147,376
223252,377.46
223384,381.53
223486,383.51
223586,379.85
223689,376.81
223807,377.8
223908,380.86
224010,376.38
224113,376.05
224215,376.34
224315,380.66
224419,381.6
224521,375.15
224624,375.16
224729,377.87
224847,380.46
224965,375.89
225069,375.55
225185,375.58
225285,377.28
225385,375.4
225485,375.26
225585,374.76
225685,376.4
225785,378.88
225885,374.55
225989,374.03
226091,375.19
226195,376.28
226299,375.6
226399,374.48
226504,373.32
226624,374.32
226728,381.34
226848,373.67
226965,372.07
227083,374.45
227186,382.58
227289,376.54
227393,371.1
227495,373.23
227602,379.13
227717,377.58
227824,372.4
227924,372.07
228025,376.2
228130,379.42
228249,373.45
228368,371.63
228488,375.72
228588,377.78
228688,372.48
228804,370.67
228922,374.72
229026,376.47
229142,371.44
229246,368.67
229363,370.37
229482,378.11
229585,374.21
229689,368.82
229791,367.92
229892,372.1
230000,379.34
230113,366.89
230213,368.61
230319,374.52
230419,376.59
230520,372.3
230636,369.75
230736,366.65
230839,375.25
230943,372.48
231043,366.1
231161,370.33
231282,376.17
231396,374.86
231500,370.49
231604,370.83
231707,365.56
231807,369.21
231907,373.09
232009,365.55
232113,365.76
232216,372.29
232321,373.31
232438,367.76
232554,364.13
232659,362.69
232779,372.02
232898,366.01
232999,361.05
233102,363.02
233205,366.77
233307,364.88
233411,363.4
233515,362.58
233618,362.38
233722,366.11
233824,363.54
233924,362.12
234028,362.25
234148,366.37
234252,364.75
234369,363.21
234488,363.54
234592,365.91
234694,365.06
234795,362.86
234901,362.48
235005,364.22
235108,369.93
235212,362.89
235314,363.84
235416,364.81
235534,367.73
235649,366.19
235767,365.7
235882,368.1
236000,373.93
236101,371.1
236206,366.11
236308,366.6
236408,372.03
236510,370.4
236614,366.22
236717,368.64
236822,371.05
236924,374.51
237024,370.35
237128,367.05
237248,366.7
237367,372.87
237484,369.89
237586,365.4
237689,368.76
237789,375.61
237889,375.5
237990,368.58
238090,365.6
238194,366.78
238298,370.67
238401,374.5
238503,366.82
238606,371.11
238706,378.71
238806,380.65
238908,377.82
239012,370.05
239114,367.58
239214,372.92
239318,382.16
239422,367.49
239525,371.05
239628,380.11
239745,380.14
239850,377.09
239969,371.19
240085,372.63
240189,375.18
240291,374.04
240394,372.32
240494,373.24
240599,387.4
240703,379.36
240804,371.13
240904,371.92
241029,374.96
241148,374.06
241265,372.09
241381,377.49
241498,386.16
241598,379.47
241702,372.65
241805,372.18
241909,380.82
242010,390.14
242114,377.03
242214,372.78
242317,374.33
242419,375.85
242523,375.45
242640,372.83
242743,373.33
242846,374.5
242947,377.85
243050,375.65
243169,375.04
243289,376.09
243392,380.13
243495,379.9
243598,377.15
243702,376.1
243803,378.23
243904,379.68
244020,377.2
244123,376.98
244225,380.5
244329,384.69
244449,382.97
244565,378.85
244684,376.66
244800,387.54
244904,378.23
245008,378.58
245109,381.46
245212,384.48
245315,386.82
245415,381.08
245517,380.56
245617,380.28
245718,384.62
245831,381.09
245947,380.16
246048,382.41
246169,388.41
246294,381.12
246398,378.98
246500,379.86
246603,383.06
246707,386.45
246808,381.94
246908,383.42
247012,388.81
247114,390.3
247218,385.87
247319,382.52
247420,383.59
247520,387.86
247620,391.09
247723,382.78
247824,386.31
247939,388.66
248042,388.41
248142,383.99
248245,384.03
248346,383.39
248447,387.56
248563,384.46
248665,383.3
248786,382.67
248904,387.78
249008,382.59
249108,379.98
249211,381.79
249312,382.04
249420,383.63
249524,381.79
249627,380.62
249744,383.64
249845,389.12
249960,385.32
250065,379.45
250185,381.92
250302,385.35
250418,382.82
250520,378.81
250625,379.71
250736,385.85
250851,383.81
250969,382.23
251088,378.84
251207,388.16
251310,391.2
251429,380.69
251532,379.65
251632,382.34
251735,386.64
251839,382
251940,377.94
252041,377.62
252158,385.5
252273,388.01
252394,377.27
252512,381.93
252616,390.34
252716,390.94
252817,379.88
252937,376.09
253050,387.19
253173,392.35
253294,373.93
253409,378.11
253526,389.16
253630,387.74
253749,372.61
253850,371.41
253967,373.77
254085,379.52
254201,371.39
254305,373.41
254410,382.39
254528,385.88
254647,372.17
254764,370.43
254868,370.08
255012,375.39
255125,370.96
255230,371.85
255349,379.81
255466,387.49
255582,371.36
255700,369.18
255801,369.4
255901,376.28
256001,375
256114,369.89
256218,375.45
256319,375.08
256420,371.44
256536,370.84
256658,366.05
256770,370.58
256890,368.35
257006,365.95
257107,368.04
257209,369.69
257312,368.03
257416,364.91
257532,365.66
257636,364.53
257739,367.55
257839,366.51
257940,363.3
258041,363.11
258142,367.38
258245,366.29
258350,361.72
258451,361.47
258568,362
258687,363.92
258805,362.55
258936,367.22
259050,374.18
259168,374.31
259287,365.99
259403,363.8
259508,371.77
259648,370.45
259768,364.75
259885,372.61
260001,375.4
260105,372.48
260210,365.43
260329,364.23
260447,371.09
260564,373.7
260667,365.82
260785,367.78
260887,383
260989,403.26
261090,377.26
261194,363.37
261298,364.51
261402,373.76
261506,368.32
261611,364.56
261727,373.17
261843,398.3
261943,383.93
262043,366.38
262143,375.59
262243,375.62
262343,366.32
262448,369.9
262566,374.52
262685,371.52
262787,373.69
262889,371.53
262993,376.51
263101,382.86
263201,410.36
263304,394.01
263407,370.24
263508,367.24
263610,366.72
263714,367.09
263834,366.82
263952,367.51
264057,367.85
264176,367.6
264293,367.73
264393,367.98
264497,368.65
264599,368.31
264702,369.35
264802,369.07
264902,368.59
265003,369.43
265121,369.53
265244,369.57
265357,369.55
265462,369.81
265583,370.46
265701,370.94
265804,370.99
265907,370.88
266011,372.05
266115,372.26
266235,371.85
266335,371.28
266438,371.45
266540,371.81
266640,372.28
266740,372.06
266840,372.94
266942,373.07
267043,373.1
267159,373.38
267262,373.77
267381,374.24
267497,374.65
267601,374.49
267705,374.76
267806,374.74
267926,374.54
268041,374.7
268141,375.37
268247,375.09
268362,375.57
268463,376.48
268583,376.56
268690,376.61
268793,376.77
268898,377.88
269014,377.71
269114,377.27
269215,377.31
269315,377.89
269415,377.71
269519,378.34
269638,378.37
269758,378.56
269859,378.49
269976,378.73
270095,379.37
270200,379.79
270303,379.57
270409,379.52
270513,379.79
270614,379.48
270717,379.95
270817,380.22
270919,380.72
271038,380.7
271139,380.75
271241,380.63
271345,380.2
271449,380.52
271569,381.33
271688,381.09
271788,381.13
271889,381.58
271989,381.7
272100,380.9
272214,381.07
272319,381.63
272438,381.7
272541,382.35
272643,382.73
272745,383.13
272848,382.96
272967,382.95
273083,383.32
273200,383.08
273317,383.88
273433,384.75
273551,383.94
273666,383.88
273783,384.42
273900,384.81
274001,385.07
274103,385.22
274206,384.6
274306,384.45
274406,384.46
274508,384.67
274608,384.19
