100,3.09
217,4.26
320,4.47
422,2.73
526,-12.01
641,-0.04
743,7.7
843,9.29
944,10.19
1059,10.13
1159,10.37
1260,11.61
1360,11.36
1460,10.68
1560,9.29
1662,11.64
1762,12.14
1865,11.48
1981,123455.0
2085,123455.0
2202,9.97
2318,10.48
2418,10.95
2518,11.59
2618,12.14
2718,11.67
2821,11.65
2922,12.05
3022,11.64
3125,10.62
3225,10.84
3325,10.72
3428,11.44
3544,19.29
3645,15.8
3761,7.64
3864,8.13
3965,9.15
4066,9.3
4166,10.44
4266,8.97
4370,8.04
4472,9.55
4573,8.72
4688,8.1
4791,7.77
4893,12.12
5011,11.77
5130,8.46
5246,9.28
5348,10.38
5463,10.06
5565,8.66
5681,8.94
5785,9.57
5885,9.09
5985,8.46
6101,8.84
6202,7.79
6303,7.07
6403,18.52
6505,25.83
6621,12.28
6736,7.15
6839,7.16
6939,6.5
7040,5.88
7141,5.85
7257,5.43
7357,5.21
7457,5.64
7557,6.06
7673,4.97
7774,5.92
7874,5.84
7974,4.95
8077,5.12
8177,5.0
8278,4.17
8394,3.36
8511,3.9
8627,4.27
8727,3.98
8827,2.68
8928,1.52
9028,1.82
9129,1.95
9231,18.91
9332,19.91
9433,7.12
9533,4.94
9635,0.16
9735,-0.75
9835,-0.83
9936,-0.18
10051,-0.95
10151,-2.17
10251,-2.74
10352,-2.29
10468,-2.51
10571,-2.75
10686,-2.77
10787,-2.99
10887,-1.75
11003,-2.78
11104,-4.55
11204,-5.21
11304,-5.15
11407,-5.96
11507,-5.6
11624,-5.64
11740,-4.4
11840,-5.31
11940,-8.07
12040,-8.16
12140,-7.47
12243,0.51
12346,17.96
12447,50.3
12563,53.74
12664,31.0
12781,15.64
12898,5.14
13000,9.02
13100,3.4
13200,2.22
13300,6.25
13400,12.9
13500,7.25
13601,5.66
13717,20.34
13834,6.02
13946,11.33
14046,17.36
14159,4.18
14259,9.6
14359,17.83
14474,5.32
14575,8.71
14675,19.66
14792,13.51
14904,28.83
15004,24.29
15104,10.47
15204,10.68
15306,17.32
15407,14.9
15523,25.15
15640,22.95
15740,9.15
15849,8.8
15961,13.46
16061,26.44
16161,9.52
16261,31.27
16361,21.78
16461,7.67
16561,15.17
16661,11.3
16763,10.96
16863,123456.0
16965,123456.0
17066,123456.0
17166,13.4
17270,13.35
17370,27.71
17470,24.41
17570,0.49
17687,-22.26
17790,-6.57
17890,-1.78
18006,-2.08
18107,-2.79
18209,-1.83
18312,-2.67
18412,-3.41
18515,-2.97
18630,-1.24
18746,-1.75
18850,-1.05
18966,-1.13
19082,-2.58
19183,-2.29
19300,-1.52
19403,-0.61
19504,-2.67
19604,8.85
19704,17.79
19804,1.82
19909,0.44
20013,0.92
20117,8.91
20222,21.02
20342,6.28
20447,3.88
20563,3.51
20663,1.93
20767,2.65
20884,2.85
20989,2.39
21089,3.91
21189,3.69
21289,2.76
21406,1.84
21506,1.06
21606,1.64
21723,2.87
21839,3.94
21939,5.3
22055,1.33
22155,-10.2
22255,9.6
22356,11.22
22456,8.51
22572,9.26
22672,9.63
22772,9.84
22873,10.82
22988,11.56
23090,12.12
23192,12.53
23292,12.39
23394,13.09
23495,123455.0
23596,123455.0
23712,13.6
23813,11.0
23913,11.7
24013,13.33
24113,13.26
24214,13.8
24316,14.74
24416,15.24
24517,15.18
24617,14.69
24717,15.32
24819,14.94
24919,16.37
25036,30.43
25152,56.52
25269,34.16
25372,16.73
25476,16.55
25576,16.43
25693,16.38
25802,16.8
25909,17.5
26009,17.74
26109,18.78
26210,18.93
26326,18.86
26444,20.72
26559,21.14
26661,19.68
26761,20.28
26861,19.34
26962,19.91
27077,19.07
27180,19.21
27282,21.14
27398,20.36
27498,19.39
27598,19.35
27699,19.23
27815,19.06
27915,18.9
28015,20.54
28132,39.14
28249,20.75
28349,17.82
28449,17.65
28551,17.73
28651,17.58
28753,17.81
28853,16.57
28953,16.4
29053,17.79
29153,17.54
29253,17.62
29353,17.17
29455,16.48
29558,16.32
29675,16.34
29791,17.06
29892,18.07
30007,17.53
30107,17.04
30208,15.73
30308,16.79
30424,17.21
30527,16.68
30629,16.5
30729,15.8
30834,20.02
30954,35.13
31056,23.76
31171,16.5
31272,13.05
31374,13.7
31476,13.27
31593,12.54
31693,13.5
31809,14.09
31909,12.96
32025,11.09
32126,11.76
32230,11.65
32345,12.24
32462,12.6
32564,11.53
32665,10.41
32770,10.63
32873,10.92
32974,10.95
33074,10.33
33176,10.18
33278,10.73
33379,10.73
33479,10.3
33596,9.3
33712,8.82
33812,11.05
33912,17.76
34028,55.78
34129,98.36
34245,12.75
34363,23.26
34479,20.15
34579,38.25
34679,46.64
34779,14.11
34895,11.8
34996,10.94
35111,12.32
35212,15.7
35312,17.91
35412,17.56
35528,23.1
35628,20.82
35728,15.09
35830,13.52
35930,9.39
36046,8.11
36163,11.73
36279,14.5
36379,13.7
36479,14.39
36579,11.86
36683,14.68
36783,6.84
36886,11.45
36989,3.92
37110,4.0
37211,13.76
37312,15.57
37427,20.73
37528,19.37
37628,13.02
37746,9.67
37861,123456.0
37961,123456.0
38061,15.53
38161,14.86
38261,16.1
38362,22.81
38471,37.42
38584,20.51
38684,-6.84
38784,-0.88
38884,1.78
38984,2.37
39084,1.56
39185,0.79
39285,-0.08
39389,-0.47
39491,-0.88
39591,-0.33
39691,-0.87
39791,-1.18
39891,-2.07
40008,-1.15
40124,-1.1
40224,-1.87
40324,0.72
40424,0.47
40524,1.73
40629,14.93
40730,9.56
40830,-1.5
40946,-1.31
41073,-0.5
41184,15.0
41284,17.6
41386,5.39
41503,5.99
41603,5.11
41720,3.9
41836,3.57
41936,3.23
42040,3.15
42140,3.07
42240,2.99
42340,3.88
42440,2.08
42540,1.08
42657,1.94
42776,3.12
42878,3.2
42978,4.05
43078,-4.83
43178,-7.65
43278,12.31
43378,16.26
43480,8.21
43580,8.62
43683,8.71
43800,8.58
43900,10.49
44016,9.78
44116,9.63
44217,10.68
44317,11.25
44418,10.86
44518,11.51
44618,123455.0
44718,123455.0
44818,12.87
44918,11.78
45018,12.33
45118,13.31
45218,13.37
45335,13.87
45451,13.85
45569,13.36
45670,14.14
45772,13.87
45874,14.42
45974,14.91
46075,16.44
46190,43.9
46290,26.51
46390,18.2
46491,18.13
46591,18.1
46691,17.31
46794,17.67
46895,18.45
47011,17.34
47113,17.59
47229,18.68
47329,18.58
47433,19.78
47533,23.2
47635,22.74
47735,16.42
47836,16.58
47936,17.09
48036,17.47
48136,17.28
48239,17.22
48340,17.1
48456,16.23
48573,15.48
48673,15.67
48773,15.62
48889,15.5
48989,15.73
49089,22.53
49190,32.53
49307,17.94
49423,15.63
49523,15.82
49639,15.62
49741,15.67
49844,15.25
49961,15.06
50076,15.32
50176,15.41
50277,15.04
50393,14.92
50495,14.91
50613,15.05
50727,14.86
50829,12.3
50929,13.18
51034,13.44
51136,13.13
51236,14.12
51336,14.63
51436,13.09
51536,12.35
51636,11.59
51751,12.68
51854,30.92
51970,60.99
52073,47.18
52173,27.78
52289,8.85
52391,9.41
52493,8.5
52609,8.87
52709,7.77
52810,8.22
52926,9.16
53027,8.47
53143,7.98
53243,7.7
53344,7.06
53461,6.13
53586,4.59
53699,4.35
53799,4.94
53900,4.52
54010,4.75
54111,4.22
54227,3.52
54327,4.05
54427,3.75
54527,3.26
54628,3.21
54728,2.84
54828,2.89
54929,7.33
55044,71.87
55145,56.6
55245,41.02
55346,28.29
55462,34.28
55579,12.99
55695,36.79
55795,40.68
55895,14.36
55996,8.73
56099,11.13
56215,27.2
56317,8.41
56417,9.85
56519,26.39
56619,14.47
56719,6.26
56819,9.12
56937,8.71
57038,22.86
57141,12.57
57241,5.8
57342,5.88
57458,4.66
57558,9.98
57658,5.74
57758,2.45
57861,16.69
57978,8.54
58078,8.77
58178,7.5
58295,14.99
58411,6.48
58512,12.13
58612,30.03
58713,26.46
58813,9.65
58930,7.84
59033,10.91
59134,10.02
59236,123456.0
59338,123456.0
59454,17.16
59571,20.75
59689,23.17
59792,37.08
59892,21.91
59992,-5.74
60093,-18.13
60209,-2.6
60325,-1.86
60442,-1.59
60561,-2.18
60677,-4.14
60794,-4.18
60896,-2.71
61011,-2.4
61141,-2.44
61242,-2.49
61342,-2.45
61442,-0.83
61548,-1.48
61648,1.8
61749,0.46
61852,1.39
61952,3.21
62069,13.4
62185,1.96
62286,1.16
62386,0.19
62486,0.3
62586,15.49
62697,3.99
62809,4.39
62913,4.62
63013,5.06
63113,5.1
63217,7.03
63317,5.9
63420,4.53
63537,3.27
63653,3.1
63753,3.74
63853,4.08
63956,3.48
64058,3.02
64158,3.61
64258,4.16
64376,4.97
64491,-4.96
64594,-8.92
64695,5.76
64811,6.48
64927,7.0
65028,8.03
65128,8.98
65230,9.94
65336,11.14
65436,11.12
65553,11.84
65668,11.79
65769,11.12
65869,10.86
65987,123455.0
66102,123455.0
66202,11.76
66305,10.39
66405,11.15
66505,12.27
66622,13.84
66724,14.08
66824,13.35
66924,13.08
67024,13.36
67140,14.3
67241,14.61
67358,15.82
67459,22.06
67559,22.04
67660,16.97
67776,17.07
67893,17.5
68009,18.25
68110,19.07
68212,18.64
68312,18.52
68413,19.2
68513,19.74
68613,19.79
68714,20.46
68831,27.3
68931,37.3
69031,25.3
69131,19.84
69231,19.86
69348,20.79
69448,20.89
69548,20.36
69651,19.99
69751,20.2
69851,19.62
69951,19.88
70054,20.67
70154,21.19
70269,22.44
70388,29.45
70508,53.31
70621,38.76
70722,23.44
70823,22.44
70925,24.18
71026,23.38
71141,24.21
71242,24.91
71342,24.65
71442,25.58
71544,25.88
71645,25.56
71746,25.38
71859,25.03
71971,25.58
72071,26.52
72172,27.08
72272,27.34
72389,27.73
72505,28.29
72621,28.07
72721,29.19
72821,29.81
72925,30.28
73040,29.6
73140,28.79
73240,51.24
73341,79.15
73444,59.62
73560,27.17
73660,25.39
73761,25.13
73865,26.16
73966,26.7
74082,25.77
74212,24.64
74315,25.25
74415,24.54
74532,25.25
74632,25.92
74732,25.2
74835,25.07
74935,24.92
75036,24.57
75153,24.65
75269,25.44
75369,25.72
75474,25.18
75577,25.14
75677,25.6
75779,25.89
75879,26.4
75979,25.91
76079,26.0
76179,26.36
76279,30.29
76379,97.54
76479,68.17
76579,37.04
76679,51.7
76786,32.9
76901,28.02
77001,39.5
77101,28.35
77219,24.08
77334,33.54
77435,35.3
77535,27.98
77635,28.75
77738,45.97
77839,27.02
77955,31.99
78055,41.23
78158,26.13
78273,23.85
78376,29.94
78477,25.09
78581,31.5
78684,35.14
78785,28.14
78901,34.24
79020,31.5
79134,23.84
79234,30.26
79335,31.78
79451,22.92
79568,36.72
79684,25.67
79802,20.67
79918,24.0
80019,31.69
80135,16.55
80235,31.09
80336,45.03
80452,46.41
80569,48.18
80685,23.12
80803,29.74
80920,123456.0
81021,123456.0
81122,21.15
81222,24.77
81338,35.01
81439,43.75
81540,28.72
81657,-3.06
81757,7.3
81873,8.18
81973,8.98
82089,8.95
82189,6.0
82289,5.89
82390,7.63
82508,7.74
82610,7.55
82710,8.1
82825,7.8
82925,6.42
83026,5.99
83126,7.07
83227,7.86
83342,8.07
83445,6.79
83545,9.04
83645,25.23
83762,5.89
83880,5.76
83998,6.11
84116,7.53
84232,19.15
84332,9.87
84437,9.31
84537,8.8
84640,9.24
84755,10.94
84856,10.72
84973,10.47
85073,9.09
85189,7.9
85290,7.81
85406,8.22
85506,7.66
85606,7.29
85707,7.08
85822,7.6
85923,7.81
86039,8.43
86139,-1.22
86240,10.2
86341,8.98
86441,10.45
86556,11.02
86656,11.84
86757,11.85
86857,11.85
86960,12.08
87081,11.92
87181,12.2
87286,11.49
87401,11.35
87501,11.47
87618,123455.0
87718,123455.0
87818,11.47
87918,11.93
88018,13.4
88134,13.61
88235,14.39
88350,14.43
88450,13.97
88550,13.7
88651,12.83
88768,12.26
88885,13.31
88988,19.74
89104,48.16
89208,31.84
89309,15.82
89411,14.86
89511,15.2
89612,15.78
89712,16.57
89828,17.44
89928,16.8
90028,16.14
90131,17.09
90231,17.65
90331,17.44
90432,25.51
90548,33.44
90651,20.62
90751,16.1
90854,16.56
90954,16.86
91071,17.27
91187,17.06
91288,17.43
91397,17.32
91510,16.8
91610,17.31
91726,17.82
91826,17.86
91927,18.63
92027,36.89
92130,63.18
92230,34.14
92330,20.53
92430,18.92
92530,20.18
92630,20.45
92731,22.2
92831,23.01
92932,21.56
93032,20.64
93132,20.47
93233,20.06
93333,20.47
93436,20.62
93552,20.15
93652,22.86
93753,21.77
93853,21.0
93954,20.75
94054,21.12
94154,22.51
94254,21.69
94372,22.48
94489,21.34
94590,20.27
94694,20.25
94809,58.32
94912,74.03
95028,51.08
95144,32.33
95261,17.29
95362,17.53
95478,17.07
95597,16.76
95704,16.92
95808,17.88
95908,16.04
96009,15.57
96125,16.61
96228,16.89
96333,17.06
96433,16.4
96533,17.19
96633,15.17
96733,14.95
96833,14.32
96933,15.54
97033,16.56
97135,16.27
97235,15.51
97335,14.44
97436,14.89
97552,14.78
97655,14.37
97768,13.78
97869,18.96
97969,42.4
98085,60.74
98185,21.02
98285,40.71
98385,40.94
98485,41.47
98589,49.95
98689,21.21
98789,18.58
98889,17.48
98991,14.6
99091,20.08
99191,26.86
99307,28.66
99408,28.67
99508,35.93
99624,38.63
99741,20.65
99857,15.89
99959,20.31
100060,14.35
100179,14.61
100279,19.84
100379,20.42
100483,20.48
100586,25.35
100686,19.21
100786,10.58
100887,18.59
101002,15.76
101103,15.37
101203,22.98
101305,18.74
101406,24.24
101506,27.02
101623,21.17
101739,27.07
101839,123456.0
101939,123456.0
102056,7.84
102172,12.92
102289,21.44
102390,41.17
102495,39.76
102595,14.65
102697,-16.17
102797,-6.38
102899,0.71
103014,2.17
103114,1.7
103214,-0.26
103315,-0.81
103416,-0.01
103532,-1.34
103648,-1.77
103748,1.33
103864,0.59
103964,-0.06
104065,-0.08
104165,2.27
104281,2.09
104390,3.14
104490,3.29
104606,10.49
104709,22.05
104825,4.92
104942,1.62
105042,1.9
105142,6.73
105242,22.61
105359,10.44
105463,6.74
105583,5.77
105683,6.13
105783,6.39
105883,4.83
105999,3.64
106099,3.07
106199,1.93
106299,-0.1
106400,0.94
106515,1.63
106615,1.94
106717,2.2
106817,1.1
106917,1.51
107017,1.2
107125,-14.69
107246,-0.96
107350,3.64
107461,3.82
107567,5.63
107682,5.33
107783,5.89
107883,6.04
107983,5.61
108086,6.34
108186,7.38
108286,7.16
108386,6.95
108487,6.87
108602,123455.0
108703,123455.0
108803,123455.0
108920,6.23
109020,8.2
109136,8.85
109253,9.6
109354,8.88
109459,8.43
109572,8.42
109676,8.61
109776,8.1
109892,8.29
109996,8.47
110096,17.99
110196,33.54
110296,16.85
110396,11.79
110496,11.62
110596,12.45
110696,13.0
110797,12.2
110897,11.27
110999,12.0
111100,13.1
111203,12.43
111304,12.91
111420,13.75
111524,25.05
111640,22.9
111757,13.07
111873,11.24
111973,12.0
112073,13.17
112173,13.19
112273,13.48
112373,14.56
112473,14.86
112573,14.71
112676,14.48
112778,12.93
112883,14.46
112983,17.3
113099,39.88
113199,48.82
113301,23.85
113402,17.43
113503,17.01
113606,18.78
113706,17.23
113806,16.21
113906,16.72
114022,14.64
114122,15.77
114223,17.15
114324,16.52
114442,16.8
114559,15.65
114663,15.62
114764,15.92
114886,14.77
114986,16.45
115102,16.17
115202,15.81
115303,15.58
115405,15.31
115507,15.11
115607,15.92
115707,15.95
115807,22.68
115913,59.02
116013,59.36
116113,35.61
116213,20.4
116313,11.49
116413,11.34
116516,11.88
116616,12.47
116716,12.81
116816,12.02
116917,10.31
117020,10.45
117120,11.42
117222,10.87
117322,10.5
117422,11.17
117523,11.57
117623,11.43
117724,11.07
117840,9.69
117946,9.92
118063,10.4
118166,9.79
118280,9.4
118382,10.39
118483,10.23
118583,9.09
118686,9.18
118786,8.96
118886,18.3
118988,59.88
119106,101.58
119222,26.28
119322,15.11
119439,25.39
119556,12.03
119672,29.75
119772,56.55
119872,33.37
119972,11.93
120072,18.9
120172,35.31
120272,20.27
120372,8.81
120472,22.74
120572,28.9
120672,14.24
120788,14.88
120888,12.77
120988,31.36
121088,18.93
121189,10.33
121289,9.8
121405,9.49
121507,13.27
121610,17.66
121710,7.01
121812,102.78
121915,28.53
122015,16.18
122132,8.8
122232,9.34
122335,20.62
122452,5.7
122568,20.01
122668,33.71
122770,15.9
122870,6.92
122973,8.06
123073,13.86
123173,18.44
123273,123456.0
123373,123456.0
123477,11.21
123578,11.45
123694,6.31
123796,23.57
123911,9.34
124028,-21.35
124145,-13.33
124261,-1.95
124376,-2.98
124477,-3.96
124579,-4.49
124679,-2.81
124784,-2.74
124884,-3.33
124987,-4.24
125087,-3.42
125187,-4.25
125287,-3.44
125387,-3.2
125487,-1.74
125589,-2.13
125689,-1.15
125817,-0.63
125928,4.97
126032,16.63
126132,-0.35
126250,-2.97
126370,-2.85
126470,3.18
126570,18.23
126686,4.46
126786,1.6
126887,1.98
126988,1.9
127104,2.47
127204,3.36
127304,2.69
127421,2.92
127522,1.88
127642,-0.3
127749,-1.4
127868,-0.88
127968,-0.2
128069,0.34
128169,0.95
128284,-0.8
128385,-2.36
128485,-16.85
128588,-3.48
128688,1.85
128789,1.98
128889,2.45
129006,2.86
129122,2.74
129222,4.04
129338,4.85
129438,4.56
129538,3.93
129638,3.39
129740,4.68
129840,5.25
129940,123455.0
130045,123455.0
130161,7.15
130280,5.98
130394,6.62
130494,7.45
130594,7.18
130694,7.26
130794,7.39
130894,7.1
130994,6.69
131094,6.59
131197,7.2
131297,7.44
131397,21.4
131501,41.56
131601,17.15
131701,10.98
131801,11.46
131917,11.82
132017,11.64
132118,11.84
132218,11.8
132320,12.35
132420,12.49
132520,12.82
132620,12.52
132720,12.07
132820,14.22
132936,23.75
133037,12.68
133154,11.66
133281,11.67
133382,12.46
133497,13.71
133597,13.93
133713,13.74
133813,14.37
133914,14.45
134028,14.38
134130,14.29
134230,14.13
134330,16.55
134431,41.37
134546,49.5
134646,23.23
134746,16.15
134846,14.51
134948,14.28
135058,14.21
135164,14.95
135281,13.2
135381,11.91
135481,13.19
135596,14.87
135698,14.59
135814,14.07
135915,12.61
136016,12.31
136117,12.74
136218,13.43
136318,13.28
136420,12.33
136536,12.99
136636,13.6
136739,13.03
136856,13.06
136972,12.48
137072,11.88
137174,20.13
137291,56.04
137407,35.05
137524,17.88
137627,9.79
137728,9.92
137828,9.7
137928,9.55
138030,9.32
138133,9.43
138236,9.71
138353,10.21
138456,9.37
138573,9.08
138689,9.37
138789,9.08
138890,8.95
138990,8.73
139091,7.36
139206,6.39
139307,6.83
139424,6.38
139540,6.9
139641,7.12
139741,6.59
139841,6.02
139959,5.91
140075,4.56
140191,5.34
140305,14.12
140412,60.36
140513,25.34
140613,35.25
140713,32.21
140813,13.17
140930,16.51
141055,22.21
141156,10.64
141256,16.49
141358,24.34
141458,17.42
141561,12.67
141679,25.19
141779,31.57
141891,14.26
141995,22.33
142111,21.69
142211,7.98
142311,13.06
142412,51.67
142512,77.77
142615,23.72
142717,22.22
142817,13.97
142920,27.67
143036,25.23
143136,10.57
143236,11.9
143336,10.97
143439,7.3
143539,22.71
143655,19.73
143756,8.17
143874,9.87
143992,25.01
144092,7.62
144208,4.78
144311,30.0
144427,3.25
144527,8.46
144627,6.62
144728,8.44
144844,123456.0
144944,123456.0
145045,123456.0
145161,12.1
145277,16.23
145394,35.41
145498,26.34
145614,2.19
145728,-8.05
145830,-2.81
145931,-2.86
146034,-2.9
146137,-2.53
146238,-2.67
146354,-1.93
146455,-1.44
146555,-1.55
146673,-2.18
146797,-2.26
146900,-2.58
147004,-3.89
147120,-3.1
147220,-0.06
147321,0.92
147421,-1.5
147537,9.59
147654,13.9
147754,-2.85
147871,-4.46
147987,-4.91
148088,4.71
148189,17.61
148289,2.5
148405,1.63
148505,2.54
148620,3.48
148722,3.79
148839,4.36
148939,5.17
149039,4.56
149155,4.12
149255,2.75
149356,-0.5
149456,-0.93
149556,0.02
149656,1.33
149756,1.85
149856,3.35
149956,3.26
150073,-3.37
150189,-0.12
150293,2.32
150400,3.21
150500,3.55
150617,3.7
150717,4.42
150817,4.48
150934,5.33
151050,5.37
151166,4.67
151266,4.71
151367,6.28
151467,7.13
151567,123455.0
151667,123455.0
151767,6.5
151867,6.69
151967,7.07
152067,7.26
152167,7.62
152267,8.19
152371,8.16
152488,8.37
152603,7.86
152706,8.54
152807,9.87
152907,9.76
153007,20.47
153108,30.73
153210,14.46
153311,12.76
153412,11.58
153512,10.95
153613,11.23
153716,11.61
153819,11.69
153923,12.41
154023,12.26
154139,11.65
154239,12.32
154339,13.21
154439,16.44
154541,27.74
154643,21.56
154743,12.47
154859,12.34
154959,13.32
155060,13.28
155163,14.2
155265,14.92
155367,15.16
155467,15.2
155568,14.99
155685,15.46
155801,15.71
155917,16.11
156018,48.7
156134,44.79
156235,22.02
156350,17.06
156450,16.14
156550,16.64
156651,17.78
156754,18.76
156854,19.15
156954,19.18
157057,19.35
157157,19.22
157257,19.05
157373,19.76
157473,19.83
157574,20.65
157690,21.41
157794,22.64
157897,22.19
158000,20.99
158115,21.28
158216,22.15
158316,22.54
158433,23.62
158549,24.28
158649,24.25
158749,23.32
158849,68.14
158949,60.69
159049,42.6
159149,28.82
159266,22.89
159366,22.53
159466,23.32
159583,24.87
159699,24.4
159800,23.98
159916,24.14
160031,23.16
160132,24.38
160232,24.91
160332,25.53
160432,24.81
160532,23.92
160650,23.86
160750,23.79
160866,24.18
160968,24.11
161069,23.96
161170,23.74
161270,24.1
161386,24.54
161503,24.73
161603,23.87
161706,23.95
161822,26.15
161922,34.1
162039,115.01
162141,32.85
162243,29.92
162343,45.42
162444,38.19
162560,55.07
162660,40.59
162760,22.89
162860,22.66
162977,22.04
163093,24.43
163209,29.28
163309,33.87
163409,35.55
163512,44.64
163628,38.66
163728,29.71
163828,26.59
163928,24.92
164028,23.76
164128,19.41
164245,30.86
164345,28.5
164445,29.7
164561,30.09
164661,30.16
164762,31.51
164864,29.61
164968,19.68
165068,19.36
165168,30.27
165274,30.05
165374,29.55
165474,31.93
165574,31.79
165674,26.79
165791,25.52
165906,123456.0
166008,123456.0
166123,16.39
166225,25.21
166325,38.64
166441,51.82
166545,32.81
166661,5.06
166762,-5.09
166878,11.21
166978,11.35
167096,11.26
167212,11.98
167316,10.87
167432,11.95
167534,11.5
167637,10.16
167739,9.89
167839,10.47
167940,10.12
168043,10.81
168144,10.62
168244,11.0
168360,9.28
168460,8.69
168576,9.55
168676,24.0
168776,19.87
168876,7.46
168978,6.97
169079,7.3
169196,23.0
169313,23.02
169429,8.5
169529,9.75
169629,9.74
169729,9.57
169847,11.57
169962,10.83
170062,9.2
170164,10.55
170268,9.49
170368,6.35
170484,6.08
170585,6.34
170686,6.47
170786,6.07
170891,5.89
171010,5.49
171114,-4.62
171229,-8.92
171332,6.66
171435,6.68
171535,5.94
171651,6.64
171751,7.63
171852,7.51
171952,7.92
172052,8.12
172152,7.34
172252,7.39
172352,8.17
172452,8.41
172556,123455.0
172671,123455.0
172771,123455.0
172871,7.4
172974,7.82
173074,8.08
173174,8.43
173277,8.77
173379,8.39
173482,8.3
173599,8.85
173717,7.05
173819,7.55
173923,8.19
174024,9.44
174125,28.47
174241,26.05
174341,11.1
174443,10.56
174559,9.12
174661,9.48
174762,9.81
174877,10.01
174978,11.06
175078,11.25
175180,11.32
175297,10.1
175414,10.73
175531,20.48
175649,17.2
175753,10.27
175869,9.31
175986,9.97
176105,10.68
176222,10.7
176322,10.28
176422,10.78
176522,11.75
176623,11.58
176739,11.59
176855,12.37
176955,11.95
177055,23.49
177157,54.0
177261,32.01
177377,14.14
177477,13.06
177578,13.43
177678,14.35
177783,14.58
177883,14.09
177984,14.87
178084,14.56
178185,15.24
178286,15.56
178386,16.2
178487,16.04
178604,15.93
178722,16.89
178823,17.66
178939,16.85
179039,16.96
179142,17.13
179242,17.11
179343,17.8
179448,17.83
179564,18.49
179681,18.56
179781,19.71
179882,46.9
179998,84.9
180101,53.08
180202,20.06
180318,16.9
180435,15.82
180535,17.06
180651,18.03
180751,18.1
180852,18.5
180959,17.73
181059,17.77
181159,17.23
181259,16.73
181360,17.35
181476,16.58
181593,16.97
181709,17.14
181826,16.5
181938,15.61
182044,15.06
182147,15.69
182264,16.1
182380,15.85
182480,15.68
182597,15.26
182697,16.08
182797,16.56
182913,18.68
183030,103.3
183134,67.11
183234,21.88
183334,27.59
183434,39.08
183550,22.45
183654,25.43
183770,59.32
183870,27.51
183970,20.67
184070,22.84
184170,39.58
184270,43.89
184370,20.6
184470,21.98
184570,30.84
184670,23.56
184772,27.23
184874,23.36
184974,39.54
185074,34.17
185174,21.15
185275,17.01
185375,20.04
185476,19.57
185592,25.43
185692,16.04
185792,28.23
185892,29.97
185997,22.13
186101,20.3
186201,17.64
186318,31.43
186435,17.13
186551,21.03
186651,41.94
186751,39.12
186851,19.21
186953,18.38
187054,26.69
187170,123456.0
187270,123456.0
187370,123456.0
187470,23.48
187575,26.78
187690,23.95
187792,43.32
187892,29.0
188009,0.3
188129,-12.94
188245,5.65
188345,5.34
188449,5.36
188549,4.98
188650,4.68
188766,5.44
188882,6.59
188986,7.17
189093,4.93
189196,4.81
189296,5.1
189399,5.36
189499,5.59
189599,4.72
189716,5.42
189834,5.38
189935,5.19
190051,10.68
190151,-0.56
190251,-0.67
190352,-0.46
190452,-0.36
190569,13.95
190669,16.02
190769,5.25
190869,5.02
190972,5.14
191072,5.02
191172,5.62
191272,5.11
191373,5.48
191473,6.4
191576,6.09
191676,4.66
191782,2.95
191883,2.87
191984,2.9
192086,2.48
192202,2.86
192302,2.05
192403,2.17
192521,-11.62
192640,2.49
192756,1.41
192857,3.05
192974,4.22
193089,5.13
193193,5.95
193293,5.74
193393,6.09
193493,5.97
193594,6.0
193698,4.89
193798,4.21
193898,123455.0
193998,123455.0
194098,123455.0
194201,5.77
194317,5.6
194417,6.03
194519,6.81
194619,6.25
194720,6.9
194837,6.98
194953,6.96
195054,6.7
195169,6.31
195269,5.76
195369,7.89
195470,24.24
195570,24.36
195670,10.17
195770,8.2
195870,8.68
195970,8.4
196086,8.86
196186,9.16
196287,9.07
196404,8.36
196521,8.47
196639,9.51
196755,9.14
196888,17.69
197006,14.28
197122,8.68
197225,9.54
197325,9.66
197426,9.31
197530,9.24
197630,9.05
197746,9.73
197847,9.57
197962,10.56
198063,11.2
198168,10.16
198269,10.23
198369,20.97
198470,50.77
198586,32.19
198702,14.71
198802,12.99
198903,12.41
199003,13.62
199103,13.07
199219,13.03
199320,13.98
199439,13.73
199539,13.96
199641,13.77
199741,13.39
199842,13.84
199958,14.37
200058,15.26
200159,15.82
200259,14.59
200359,15.43
200459,15.96
200562,17.31
200663,17.52
200765,16.89
200866,15.39
200982,14.75
201082,16.14
201182,46.08
201282,77.28
201383,51.42
201483,31.07
201584,14.8
201701,11.3
201807,12.04
201922,12.32
202023,12.42
202123,11.74
202239,11.74
202339,11.85
202439,11.78
202540,11.51
202656,11.99
202772,12.29
202872,12.16
202972,11.21
203073,12.21
203173,12.14
203290,10.3
203396,10.91
203514,11.52
203615,11.46
203715,11.56
203830,10.98
203931,10.63
204031,10.12
204131,10.66
204231,15.22
204331,29.39
204447,89.86
204548,57.05
204648,41.85
204763,20.92
204865,14.41
204965,27.52
205065,28.75
205165,17.01
205265,15.51
205367,28.28
205467,18.78
205568,20.01
205670,39.25
205772,22.86
205888,16.7
205988,21.87
206088,31.83
206188,17.85
206289,22.65
206405,18.87
206506,17.02
206621,28.1
206722,33.93
206838,28.28
206955,37.61
207072,23.05
207188,13.14
207288,20.94
207388,13.66
207489,20.14
207605,28.64
207721,17.08
207822,10.88
207922,14.57
208038,26.38
208139,8.21
208243,22.65
208359,33.65
208460,8.71
208566,10.0
208666,11.76
208766,23.18
208883,123456.0
208999,123456.0
209116,12.87
209216,15.42
209317,30.44
209417,41.91
209517,20.32
209617,-12.57
209720,-13.58
209820,-2.16
209920,-1.12
210020,-1.57
210123,-0.77
210239,-0.36
210339,-0.16
210439,-0.62
210539,-0.48
210639,-0.8
210743,0.1
210859,0.65
210960,-0.39
211076,-0.2
211176,0.66
211276,-1.26
211376,-0.86
211477,-0.51
211593,17.23
211693,4.59
211815,-1.53
211916,-1.63
212020,-1.72
212120,0.31
212228,9.28
212340,2.11
212440,1.46
212543,1.53
212645,1.43
212761,2.43
212861,3.6
212961,4.92
213062,6.28
213162,4.48
213278,3.95
213379,3.94
213496,1.7
213612,-0.37
213730,-0.35
213832,0.41
213957,0.92
214057,-11.65
214157,-8.87
214258,2.04
214374,1.74
214474,2.74
214575,3.73
214675,3.94
214777,3.74
214877,5.15
214994,5.51
215094,4.93
215211,5.89
215328,4.79
215444,5.3
215544,123455.0
215645,123455.0
215761,123455.0
215861,6.67
215961,7.28
216061,7.01
216161,7.35
216264,7.95
216364,6.57
216464,6.4
216565,6.98
216681,7.76
216782,8.07
216882,8.22
216984,12.66
217085,34.62
217189,24.26
217289,10.68
217389,10.0
217494,11.16
217597,11.25
217698,11.54
217815,11.27
217930,11.87
218031,12.04
218131,11.81
218231,12.43
218331,13.17
218434,24.79
218550,30.22
218666,16.0
218766,12.63
218867,12.2
218983,11.78
219083,12.28
219200,12.56
219316,12.66
219433,13.01
219550,12.61
219663,12.86
219766,13.51
219866,12.84
219983,36.16
220099,59.69
220202,28.44
220302,16.44
220403,14.76
220519,16.01
220635,16.54
220736,16.38
220840,17.23
220940,17.97
221043,18.23
221143,18.72
221243,18.4
221343,15.08
221443,16.7
221543,17.36
221643,18.32
221744,18.24
221860,17.99
221963,17.58
222063,16.36
222163,16.51
222264,16.55
222368,16.9
222484,17.77
222584,16.62
222684,16.46
222786,20.77
222888,60.7
222989,49.08
223090,26.55
223205,12.89
223306,12.12
223422,12.63
223539,12.43
223639,12.17
223741,11.91
223858,11.39
223974,11.63
224074,11.0
224174,11.36
224275,11.36
224375,10.75
224475,10.93
224591,10.37
224696,9.71
224812,10.1
224928,9.62
225029,10.22
225129,10.2
225230,10.18
225333,9.7
225433,9.52
225534,9.05
225634,9.23
225734,8.46
225836,14.99
225952,42.97
226053,130.54
226156,61.73
226256,13.95
226356,36.48
226473,36.82
226573,48.35
226689,16.34
226794,12.21
226912,11.13
227012,11.08
227112,16.22
227212,24.03
227312,23.71
227412,24.09
227512,32.69
227629,33.09
227745,18.23
227846,13.66
227949,18.64
228049,9.35
228149,10.29
228252,18.2
228369,16.79
228485,16.88
228585,19.82
228685,14.79
228785,8.02
228885,18.44
228985,13.83
229085,4.9
229185,11.86
229301,16.15
229402,18.72
229502,22.84
229604,17.96
229726,12.1
229842,123456.0
229942,123456.0
230042,3.9
230142,7.01
230245,15.66
230345,19.9
230450,38.63
230565,7.57
230665,-19.99
230765,-8.41
230865,-2.19
230965,-2.4
231065,-2.02
231168,-1.5
231269,-1.04
231384,-0.24
231485,0.42
231587,1.08
231688,-1.7
231805,-0.3
231921,-0.54
232021,0.51
232126,1.18
232241,1.32
232342,0.68
232458,0.7
232558,-0.03
232674,17.67
232774,0.77
232878,-2.01
232994,-2.33
233094,-3.15
233195,2.94
233295,6.65
233411,4.51
233515,4.26
233615,4.63
233715,5.28
233815,5.7
233915,4.5
234015,4.89
234115,5.72
234215,4.75
234315,2.67
234432,3.52
234548,3.14
234648,3.08
234748,1.47
234861,1.15
234972,0.23
235072,-1.69
235174,-15.35
235288,-3.22
235388,0.87
235489,1.97
235589,2.47
235705,2.38
235805,2.15
235906,3.45
236006,3.52
236110,3.85
236227,4.23
236329,4.41
236434,4.43
236552,123455.0
236658,123455.0
236773,5.65
236874,4.51
236974,5.45
237074,6.71
237177,6.71
237293,7.18
237394,6.57
237495,6.61
237611,6.93
237713,6.81
237829,6.54
237929,6.11
238030,6.74
238148,41.14
238249,26.86
238349,8.55
238466,7.84
238570,7.51
238685,8.89
238811,8.86
238911,8.24
239011,8.14
239111,8.37
239211,9.6
239312,10.29
239428,10.95
239545,26.88
239660,28.25
239761,12.16
239861,10.46
239961,11.18
240061,10.99
240163,11.11
240263,11.89
240363,12.61
240463,12.73
240564,12.68
240668,12.82
240784,14.06
240886,13.82
240999,15.17
241099,32.22
241200,50.2
241300,24.63
241401,15.47
241501,14.94
241618,13.56
241733,14.26
241833,14.63
241935,14.56
242036,16.01
242136,16.03
242239,15.35
242339,16.16
242442,16.25
242559,16.68
242675,17.31
242776,17.06
242891,17.74
242992,17.37
243109,18.66
243209,19.05
243313,19.49
243429,20.96
243530,19.5
243631,18.57
243747,19.79
243864,29.82
243964,68.89
244080,41.73
244181,25.85
244297,18.21
244398,18.58
244514,21.11
244614,20.87
244731,20.2
244833,20.41
244935,21.62
245036,21.52
245153,22.56
245270,22.13
245370,22.28
245485,22.41
245586,22.72
245689,22.6
245810,23.38
245910,23.51
246011,23.32
246128,24.48
246229,24.8
246329,24.57
246430,26.21
246545,26.26
246650,26.85
246768,26.93
246870,27.26
246972,30.14
247072,190.26
247172,87.33
247288,28.56
247388,45.99
247488,35.92
247588,23.24
247688,42.44
247792,71.16
247892,24.34
247992,25.08
248092,32.29
248208,49.01
248308,32.47
248408,22.07
248526,37.65
248642,28.04
248742,29.8
248842,27.5
248942,32.25
249059,44.1
249181,22.87
249285,23.49
249385,24.08
249485,30.56
249586,34.42
249702,21.32
249804,33.64
249919,34.17
250019,31.37
250135,22.21
250235,23.54
250335,36.8
250435,28.24
250553,33.69
250669,47.09
250770,42.65
250874,55.44
250975,28.09
251090,28.66
251191,123456.0
251307,123456.0
251408,21.45
251524,27.86
251639,21.75
251743,38.73
251843,39.64
251943,21.3
252060,-6.15
252176,12.28
252276,12.87
252376,13.27
252477,13.93
252585,14.81
252697,14.11
252798,14.22
252898,13.46
253014,14.01
253115,13.75
253215,12.78
253315,14.06
253416,15.19
253532,14.1
253649,12.22
253754,11.27
253871,11.33
253986,18.68
254086,29.12
254191,8.71
254294,10.09
254395,9.5
254495,14.29
254596,29.16
254696,15.78
254796,11.67
254896,11.68
254996,12.27
255096,14.01
255196,14.42
255296,13.62
255412,12.99
255515,12.71
255617,13.19
255733,12.34
255849,10.4
255949,9.82
256049,8.23
256149,7.73
256252,7.66
256353,7.53
256469,-6.85
256587,31.08
256687,25.09
256803,7.98
256907,7.11
257007,6.94
257107,9.79
257207,8.32
257307,8.51
257407,8.15
257507,8.63
257607,8.15
257707,8.32
257807,8.14
257908,8.98
258024,123455.0
258126,123455.0
258241,9.72
258344,9.14
258445,9.58
258561,9.63
258677,9.48
258778,10.0
258892,9.79
258995,8.64
259095,8.38
259195,8.55
259295,8.69
259395,30.77
259496,93.62
259612,51.86
259712,13.15
259828,10.22
259932,9.15
260032,9.97
260132,10.48
260232,10.33
260348,10.46
260452,11.17
260552,10.95
260652,10.91
260752,13.81
260852,34.12
260957,27.23
261072,12.01
261188,10.74
261289,11.95
261404,11.07
261504,11.0
261606,11.31
261706,11.69
261806,11.7
261922,11.59
262022,11.47
262124,11.54
262242,11.16
262358,14.61
262459,48.6
262559,79.95
262662,30.99
262762,13.53
262862,12.13
262981,12.79
263085,13.09
263201,12.89
263301,14.21
263401,14.9
263502,15.29
263618,16.06
263721,15.56
263821,15.27
263922,15.56
264038,15.35
264141,16.06
264244,16.17
264344,16.49
264444,17.05
264544,16.08
264644,16.92
264746,17.24
264863,17.15
264980,18.23
265083,18.82
265199,30.77
265299,79.85
265399,68.66
265515,24.69
265615,16.96
265716,17.12
265832,16.69
265933,16.47
266033,17.3
266149,18.07
266252,17.82
266353,17.92
266454,18.44
266570,19.11
266700,18.49
266814,18.68
266930,19.5
267030,19.79
267133,18.83
267234,19.05
267334,17.53
267435,21.49
267551,22.64
267651,21.71
267751,20.94
267851,21.4
267967,21.0
268072,20.6
268190,21.92
268290,27.84
268406,75.36
268507,46.17
268623,50.34
268741,43.72
268856,25.7
268957,31.14
269057,35.32
269157,24.9
269273,30.96
269390,41.31
269492,33.16
269610,39.36
269725,43.85
269828,26.75
269930,29.77
270030,36.54
270131,34.93
270233,23.8
270333,71.17
270433,80.64
270553,34.6
270653,39.47
270770,38.58
270870,29.62
270987,44.86
271106,25.49
271209,24.92
271309,33.09
271409,26.6
271525,36.91
271626,33.5
271727,24.02
271827,24.85
271943,27.05
272046,42.74
272146,23.53
272246,21.76
272347,30.99
272447,22.18
272547,32.97
272649,21.95
272750,22.81
272866,123456.0
272966,123456.0
273072,26.81
273188,26.25
273304,29.38
273405,53.91
273505,40.64
273622,-12.18
273738,2.88
273855,7.3
273971,7.71
274076,7.24
274193,7.99
274308,7.65
274409,8.85
274525,8.83
274626,8.72
274742,8.8
274843,9.01
274959,7.93
275059,6.62
275163,5.0
275263,6.71
275363,5.76
275463,6.42
275564,18.66
275665,20.32
275765,2.72
275865,0.61
275967,2.28
276070,2.62
276170,10.8
276272,7.43
276372,4.17
276476,4.47
276593,4.99
276710,6.96
276826,7.99
276926,7.68
277026,6.68
277126,7.44
277226,7.85
277326,6.51
277426,5.68
277528,5.32
277637,4.0
277740,3.06
277856,3.04
277973,2.9
278090,-4.1
278206,4.96
278306,3.39
278406,2.94
278509,4.55
278609,4.55
278710,4.69
278813,5.07
278926,5.66
279026,4.89
279126,5.15
279226,4.84
279326,4.11
279426,4.58
279526,123455.0
279627,123455.0
279743,4.44
279859,3.25
279959,3.18
280061,3.54
280163,4.37
280263,4.22
280363,4.05
280463,4.1
280564,4.45
280682,4.29
280798,4.0
280902,3.65
281017,42.1
281117,65.69
281217,17.21
281317,7.12
281417,6.73
281518,5.83
281634,5.51
281737,6.55
281837,6.0
281937,5.21
282039,6.05
282140,6.69
282255,6.36
282356,6.04
282471,23.92
282574,15.44
282674,8.05
282774,7.83
282874,7.25
282974,6.84
283077,6.7
283194,6.96
283310,7.04
283410,7.41
283510,7.85
283626,7.87
283726,8.46
283826,7.81
283928,19.79
284028,72.62
284128,51.07
284228,16.52
284328,11.78
284430,10.91
284530,10.09
284630,10.72
284730,10.51
284832,10.68
284933,9.86
285033,10.47
285133,11.52
285233,11.32
285333,11.15
285434,10.94
285551,11.62
285667,11.88
285773,12.15
285876,12.8
285993,11.92
286109,12.95
286209,14.78
286312,14.66
286412,14.22
286518,14.08
286631,14.04
286734,15.12
286834,31.94
286935,70.46
287051,31.07
287151,18.78
287251,13.78
287351,13.78
287455,13.69
287571,14.29
287676,15.42
287776,13.41
287892,14.59
288009,14.94
288109,14.56
288212,15.17
288317,14.64
288421,14.37
288537,14.46
288637,14.72
288744,14.96
288846,14.81
288961,14.21
289061,14.55
289162,14.27
289278,14.39
289378,14.4
289479,13.83
289579,14.24
289696,14.24
289814,15.97
289914,24.94
290017,96.0
290117,122.24
290218,30.27
290319,36.32
290419,33.02
290519,64.51
290621,56.59
290722,20.33
290827,21.55
290943,17.9
291043,19.89
291145,26.86
291246,29.69
291346,25.2
291446,29.07
291546,39.69
291648,31.57
291751,24.3
291868,18.7
291969,17.48
292069,13.69
292169,23.1
292271,23.48
292371,21.74
292471,22.73
292572,22.85
292673,22.51
292778,22.63
292895,19.74
293012,12.37
293112,14.36
293215,25.17
293315,23.21
293416,29.04
293517,28.12
293617,21.41
293717,15.05
293826,123456.0
293940,123456.0
294040,15.48
294156,21.03
294256,22.59
294357,34.5
294473,44.47
294590,26.19
294706,-11.49
294822,2.93
294923,4.85
295023,5.43
295123,7.24
295239,8.11
295342,7.81
295442,7.43
295542,7.85
295643,9.27
295758,8.79
295859,9.7
295959,8.72
296075,5.62
296175,4.51
296276,5.57
296376,5.51
296489,5.46
296592,6.67
296710,10.62
296826,-0.55
296942,0.0
297046,0.89
297150,1.99
297251,13.46
297351,3.12
297455,4.37
297571,3.59
297672,4.02
297776,4.08
297876,5.26
297976,9.62
298076,9.69
298177,6.51
298292,5.46
298392,4.9
298494,4.17
298609,4.33
298726,1.6
298827,3.06
298930,2.78
299030,2.03
299130,-10.58
299230,-13.53
299330,1.17
299431,2.24
299531,2.39
299634,3.33
299735,4.21
299851,5.73
299951,4.04
300051,2.94
300151,4.25
300251,5.55
300353,5.68
300469,5.07
300569,123455.0
300670,123455.0
300786,5.23
300886,3.31
300986,3.27
301103,4.43
301219,3.63
301322,2.64
301423,3.89
301523,4.56
301638,6.11
301740,4.78
301856,4.32
301972,4.8
302073,8.96
302188,24.55
302289,6.67
302392,5.34
302492,6.44
302609,7.04
302726,7.61
302842,7.76
302942,7.25
303043,6.68
303143,6.2
303243,7.72
303344,7.43
303460,21.88
303561,34.59
303677,14.79
303793,7.75
303894,7.64
304010,7.67
304127,7.72
304243,7.97
304343,7.87
304443,8.07
304543,8.38
304643,8.59
304743,8.47
304843,7.98
304960,8.51
305061,23.12
305179,51.94
305279,12.66
305395,10.51
305495,10.94
305595,11.14
305695,11.6
305801,12.55
305919,13.9
306042,14.15
306152,14.53
306252,13.57
306356,12.95
306460,12.16
306560,14.72
306660,14.95
306760,14.76
306860,14.29
306960,13.38
307060,14.67
307176,14.68
307279,14.43
307386,16.01
307487,15.94
307603,15.83
307703,15.49
307806,18.86
307909,59.68
308010,92.1
308126,31.16
308243,13.94
308343,12.63
308443,13.25
308543,13.09
308643,13.71
308744,13.4
308848,12.7
308948,12.62
309064,12.39
309164,13.22
309266,12.89
309366,12.33
309466,12.37
309583,12.35
309683,11.97
309785,12.99
309902,12.16
310004,12.28
310104,11.87
310222,11.64
310340,11.55
310440,11.36
310540,11.47
310641,11.06
310741,11.37
310843,15.33
310943,30.82
311043,97.48
311143,57.82
311250,20.07
311363,30.38
311466,43.89
311566,20.45
311670,60.03
311772,59.8
311872,23.67
311972,18.64
312072,20.79
312173,38.1
312289,38.81
312406,22.46
312506,40.26
312606,28.25
312722,21.64
312822,24.45
312923,20.33
313023,41.79
313139,19.28
313240,14.24
313341,15.69
313441,19.45
313542,34.55
313658,23.43
313760,57.51
313863,39.26
313965,18.42
314065,16.47
314165,14.71
314265,25.1
314365,29.96
314469,14.56
314585,44.11
314702,41.21
314802,55.39
314905,56.07
315006,18.24
315122,31.89
315239,123456.0
315356,123456.0
315471,23.92
315571,27.25
315673,17.44
315774,44.37
315878,27.94
315995,-5.98
316096,-15.03
316199,-0.92
316299,0.0
316400,0.26
316501,1.71
316601,1.45
316704,1.56
316804,0.51
316906,0.51
317006,2.02
317106,2.95
317209,3.85
317309,2.93
317409,2.31
317510,1.56
317626,0.87
317726,-0.74
317831,-2.38
317949,-0.22
318050,8.63
318151,-2.51
318253,-2.33
318353,-2.35
318453,0.27
318553,16.67
318654,11.55
318770,-0.41
318870,0.12
318971,0.21
319072,1.76
319172,2.97
319287,3.32
319388,3.7
319489,4.43
319589,4.71
319705,2.49
319806,1.08
319909,0.74
320009,1.89
320109,0.98
320209,0.54
320310,0.82
320426,-13.74
320528,-13.51
320631,0.54
320731,-1.26
320831,-0.68
320932,0.13
321032,0.61
321132,0.95
321235,1.73
321337,1.79
321440,1.61
321559,2.75
321660,3.21
321762,1.93
321865,1.56
321965,4.69
322066,4.12
322166,2.17
322283,2.41
322386,3.3
322486,3.03
322586,3.23
322689,3.4
322789,3.01
322892,1.69
322993,2.39
323094,2.41
323194,3.14
323309,3.78
323410,8.1
323510,38.42
323610,25.31
323710,4.45
323811,4