101,49.25
217,50
317,47.65
417,47.48
518,50.18
619,49.61
723,50.84
825,51.87
926,51.43
1026,50.58
1126,51.9
1228,53.19
1328,54.71
1431,69.19
1531,96.26
1632,104
1732,106.03
1832,109.74
1935,104.45
2035,85.24
2137,69.79
2238,70.99
2341,72.6
2442,193.18
2543,656.43
2659,812.93
2775,411.08
2875,233.91
2976,326.73
3078,69.98
3181,67.21
3282,70.86
3382,85.14
3482,73.03
3584,65.78
3695,65.87
3801,66.83
3903,64.78
4007,64.81
4110,65.27
4211,65.55
4314,65.58
4416,66.87
4517,65.66
4633,65.32
4736,56.27
4838,63.97
4942,71.05
5043,62.84
5159,63.61
5280,65.89
5380,67.51
5482,66.76
5584,66.24
5685,66.67
5787,67.51
5891,66.78
6007,66.98
6109,67.66
6209,68.66
6309,69
6409,69.04
6513,68.11
6614,67.84
6714,70.13
6814,67.37
6914,69.54
7015,69.24
7119,69.39
7219,68.3
7327,69.53
7433,71.35
7534,71.69
7650,69.44
7750,69.55
7851,68.94
7954,67.48
8071,69.4
8174,69.67
8279,67.64
8382,69.6
8483,68.54
8585,67.93
8686,67.42
8788,68.54
8890,69.19
8991,69.44
9094,70.6
9198,71.58
9298,70.35
9398,68.93
9500,70.01
9603,70.32
9706,70.93
9810,71.66
9926,69.87
10043,68.62
10147,69.29
10249,68.22
10349,67.21
10449,69.02
10549,69.23
10665,67.27
10782,66.39
10884,68.35
10986,68.19
11087,66.08
11187,66.57
11287,67.48
11388,84.58
11491,334.84
11592,379.8
11695,212.58
11800,396.82
11903,294.5
12004,131.19
12108,92.65
12208,109.8
12308,96.05
12409,142.56
12510,98.73
12611,75.85
12711,74.26
12814,74.51
12915,73.55
13018,71.02
13121,71.06
13223,70.81
13324,70.59
13424,69.7
13524,68.02
13625,68.45
13726,68.36
13829,68.65
13932,70.76
14035,71.58
14139,69.26
14254,69.11
14358,69.7
14458,69.67
14560,68.65
14662,67.99
14778,65.43
14898,66.08
15002,67.21
15104,65.68
15204,63.87
15304,64.51
15404,64.39
15521,64.47
15622,62.81
15724,61.52
15824,61.36
15925,62.96
16030,63.12
16131,62.88
16235,61.08
16339,60.83
16439,54.47
16539,51.8
16641,68.55
16757,59.13
16857,59.46
16960,60.84
17077,63.59
17180,60.67
17283,60.06
17383,59.14
17487,59.61
17591,58.09
17708,58.3
17808,59.07
17910,59.53
18011,59.38
18112,61.17
18228,60.02
18345,58.71
18461,58.83
18563,59.77
18665,59.84
18783,62.58
18886,61.13
18989,61.24
19089,61.77
19191,61.8
19294,62.09
19409,62.69
19510,62.37
19612,61.33
19729,59.24
19831,58.84
19932,60.18
20042,58.72
20143,58.84
20245,59.81
20346,57.74
20463,58.63
20566,60.94
20669,61.7
20786,59.93
20889,60.84
20991,62.62
21094,63.33
21209,62.1
21311,61.57
21426,63.04
21528,63.6
21629,64.14
21730,62.91
21830,60.73
21930,61.32
22047,62.88
22162,64.9
22263,64.17
22364,64.25
22480,63.52
22596,64.03
22697,62.7
22798,63.94
22899,64
23000,63.42
23102,63.51
23202,66.27
23302,71.64
23403,68.46
23506,70.77
23608,65.89
23712,65.02
23828,64.75
23944,65.18
24046,67.22
24147,66.92
24249,66.02
24350,66.38
24466,65.79
24568,64.63
24669,66.36
24770,68.62
24872,69.73
24972,70.17
25072,69.73
25172,70.42
25291,70.36
25392,69.87
25506,69.87
25617,71.02
25719,71.47
25820,72.09
25922,72.58
26023,72.46
26133,73.07
26234,73.61
26335,73.05
26451,72.89
26553,73.8
26653,73.11
26755,73.84
26857,74.66
26973,74.61
27074,73.67
27174,74.48
27274,72.34
27374,74.21
27475,75.3
27575,74.43
27675,74.66
27778,73.85
27898,73.64
28001,73.31
28101,71.22
28201,58.84
28301,74.06
28402,69.82
28505,66.32
28623,72.28
28725,69.69
28826,69.15
28929,68.9
29031,68.22
29136,70.47
29237,71.59
29340,70.11
29456,70.22
29573,69.03
29675,68.12
29775,67.61
29877,66.4
29977,66.16
30078,68.07
30181,69.4
30297,68.99
30398,67.97
30500,66.72
30603,69.32
30703,69.61
30804,68.98
30906,67.27
31007,67.76
31109,66
31209,65.66
31312,66.82
31412,68.02
31513,68.47
31615,67.83
31738,65.76
31840,66.5
31942,67.41
32043,68.21
32145,67.35
32247,67.35
32347,67.17
32463,68.29
32563,69.47
32664,67.93
32780,66.17
32880,64.33
32982,65.82
33084,66.72
33214,64.94
33321,65.46
33421,65.97
33521,64.3
33622,63.78
33724,64.37
33824,63.57
33926,63.39
34026,63.15
34128,64.38
34228,65.94
34330,64.68
34431,63.17
34531,63.14
34633,62.6
34733,61.35
34836,61.39
34937,64.32
35040,63.14
35160,62.48
35261,61.32
35362,61.57
35478,62
35578,62.14
35681,62.46
35783,60.1
35886,59.1
35989,60.83
36109,60.87
36212,59.4
36312,58.34
36412,57.74
36515,58.95
36619,59.01
36722,60.32
36822,59.42
36924,58.77
37027,60.04
37131,58.36
37233,59.9
37335,60.62
37436,58.39
37536,61.78
37650,60.21
37753,59.29
37857,59.5
37960,60.32
38077,57.8
38178,58.05
38295,63.77
38410,62.83
38510,62.19
38610,60.8
38713,61.91
38813,62.26
38913,62.48
39014,62.16
39121,61.83
39221,59.9
39321,61.13
39421,61.1
39522,58.89
39624,60.27
39724,60.9
39825,59.22
39927,49.33
40031,64.26
40131,60.34
40248,62.65
40348,62.81
40448,61.61
40550,62.71
40650,62.14
40752,63.58
40868,64.15
40987,65.32
41103,61.72
41224,60.13
41324,61.36
41439,61.1
41554,60.7
41655,63.97
41756,60.99
41871,63.57
41972,62.37
42073,60.39
42175,63.02
42275,61.06
42376,61.21
42492,63.3
42592,61.93
42692,62.78
42793,62.72
42893,63.73
42995,64.71
43112,64.79
43214,64.42
43316,64.77
43417,62.66
43518,61.75
43620,60.73
43721,61.95
43822,60.46
43924,61.6
44025,64.9
44127,63.99
44229,66.1
44330,65.2
44432,63.67
44532,64.97
44633,64.73
44737,63.85
44839,65.7
44941,67.33
45042,67.59
45143,66.24
45259,67.25
45359,66.67
45459,66.12
45559,66.22
45662,65.69
45764,67.27
45866,68.52
45966,68.64
46071,68.12
46173,67.62
46290,66.79
46392,69.28
46492,68.09
46594,69.53
46696,67.8
46798,68.46
46900,70.89
47019,71.7
47120,70.84
47223,69.79
47323,69.13
47423,70.98
47525,71.69
47625,73.5
47727,74.85
47832,73.81
47945,73.03
48046,73.24
48148,73.27
48248,74.04
48348,75.42
48449,76.99
48552,76.71
48655,74.17
48755,75.44
48857,75.79
48957,77.91
49058,76.42
49158,75.86
49259,78.1
49361,79.78
49461,79.3
49562,78.99
49677,81.65
49780,82.05
49883,81.82
49999,82.14
50099,81.59
50202,82.51
50304,82.55
50426,83.4
50540,83.94
50642,84.75
50743,83.95
50844,83.74
50944,84.33
51044,84.35
51146,83.17
51248,84.01
51348,86.67
51450,84.99
51552,77.62
51652,73.39
51752,88.7
51853,79.87
51953,80.6
52053,82.58
52153,83.33
52255,84.65
52358,84.53
52475,83.84
52576,83.75
52680,83.65
52781,84.26
52882,81.98
52983,79.88
53084,79.51
53187,81.3
53290,79.27
53390,79.2
53490,81.37
53592,82.45
53694,84.37
53794,84.92
53894,79.09
53997,79.39
54113,81.67
54230,83.08
54330,81.03
54430,80.49
54531,79.29
54632,80.22
54733,82.17
54835,83.15
54939,82.38
55054,82.25
55174,82.16
55277,81.12
55379,80.05
55479,80.46
55579,80.81
55679,82.94
55779,83.22
55880,81.35
55981,82.21
56081,79.99
56182,80.98
56282,82.73
56382,81.16
56482,81.48
56583,81.33
56684,83.46
56785,83.7
56885,79.87
56985,78.57
57086,81.78
57190,82.74
57292,81.47
57407,78.81
57507,79.26
57609,80.07
57726,80.41
57829,78.44
57933,77.8
58034,78.74
58136,79.58
58238,79.69
58338,77.96
58438,78.13
58543,79.45
58646,78.69
58748,79.38
58850,80.03
58967,79.19
59069,77.18
59171,76.25
59274,77.38
59390,76.73
59490,76.11
59590,75.81
59692,74.76
59792,74.02
59895,75.86
59998,75.2
60103,76.02
60205,76.56
60322,77.42
60438,77.35
60541,75.38
60644,75.83
60746,75.74
60849,75.28
60951,75.54
61067,75.15
61170,73.78
61286,76.03
61386,73.33
61486,73.49
61588,75.45
61690,73.6
61792,72.73
61892,70.58
61993,70.33
62093,72.2
62196,74.52
62298,72.57
62402,68.76
62502,68.23
62604,69.19
62706,69.56
62807,68.89
62909,68.9
63010,68.84
63111,74.12
63213,67.98
63315,55
63416,75.28
63531,71.18
63633,69.22
63733,71.95
63837,72.07
63939,71.71
64041,72.27
64144,71.55
64245,70.54
64347,72.07
64452,70.71
64552,69.01
64654,68.99
64757,69.19
64859,70.14
64960,70.21
65062,69.58
65162,69.64
65263,70.58
65379,69.66
65480,71.14
65583,71.2
65700,70.2
65816,68.75
65919,70.05
66020,69.93
66139,70.36
66241,69.92
66342,71.96
66442,71.86
66543,73.03
66644,72.7
66759,72.66
66859,74.53
66960,73.39
67062,70.93
67162,69.57
67264,70.44
67365,69.47
67466,70.84
67569,71.87
67685,70.5
67786,71.6
67889,71.94
67991,71.45
68093,70.66
68195,70.6
68297,72.68
68397,74.48
68513,72.22
68614,73.09
68715,73.44
68817,73.08
68918,71.6
69021,70.12
69122,72.89
69239,72.97
69340,70.65
69456,71.99
69556,73.13
69658,72.2
69760,73.08
69861,74.99
69963,73.69
70063,73.93
70165,74.08
70267,73.15
70367,74.18
70467,75.41
70570,76.37
70671,75.3
70771,75.73
70874,74.51
70975,74.96
71077,75.68
71177,75.79
71281,75.7
71382,75.99
71482,79.85
71583,80.13
71685,80.06
71786,78.45
71902,77.88
72005,79.07
72122,78.01
72238,80.1
72355,81.79
72455,82.35
72555,80.9
72655,80.29
72755,81.2
72872,83.59
72973,83.61
73076,81.23
73179,81.78
73279,80.71
73396,83.02
73512,83.87
73613,83.13
73713,82.19
73814,81.22
73914,78.88
74017,78.9
74132,81.73
74251,80.79
74354,80.5
74470,81.35
74571,79.57
74687,79.32
74789,88.01
74889,83.53
74989,67.7
75090,77.69
75205,81.11
75310,76.13
75410,79.43
75514,79.69
75615,80.48
75715,77.52
75832,76.95
75948,77.06
76062,75.09
76164,77.66
76264,78.43
76367,77.03
76468,74.73
76578,73.9
76686,75.84
76787,74.57
76902,75.35
77003,75.14
77103,75.66
77220,76.17
77320,75.08
77424,75.06
77526,76.94
77628,75.5
77731,73.28
77833,75.06
77964,75.82
78066,73.9
78168,73.13
78283,77.35
78383,74.92
78483,72.16
78583,73.92
78683,72.22
78786,73.11
78888,72.69
79004,70.29
79105,71.08
79205,73.97
79305,72.84
79407,71.17
79513,71.46
79629,70.48
79731,67.49
79847,67.22
79949,68.11
80053,66.94
80169,67.96
80271,69.67
80372,70.08
80473,69.9
80589,67.65
80690,68.7
80790,67.57
80893,66.24
81008,65.55
81125,68.17
81226,66.87
81342,65.18
81459,64.1
81559,64.92
81662,66.38
81764,66.65
81866,63.57
81969,63.19
82069,64.69
82169,64.25
82272,61.52
82373,61.93
82490,62.85
82590,62.87
82706,61.5
82807,60.72
82911,59.93
83014,59.15
83114,59.47
83216,59.8
83316,60.89
83417,60.61
83520,64.64
83623,63.2
83723,59.44
83825,60.64
83927,62.49
84029,61.58
84131,62.9
84231,64.12
84332,64.2
84432,64.52
84534,65.19
84651,62.98
84770,62.95
84886,64.68
84989,63.32
85092,63.7
85192,64.26
85296,64.96
85397,63.98
85497,63.99
85598,64.87
85714,64.27
85815,64.16
85917,64.75
86019,64.33
86120,64.48
86225,64.2
86327,65
86443,66.14
86563,78.24
86666,63.56
86782,59.05
86882,71.53
86983,62.58
87086,66.96
87188,70.81
87289,68.53
87389,69.49
87489,68.22
87590,68.78
87691,68.66
87792,68.87
87894,67.75
87996,69.04
88096,71.17
88198,68.53
88302,69.47
88419,69.81
88519,69.66
88622,68.46
88724,67.97
88827,67.89
88930,68.47
89033,68.94
89149,69.45
89269,69.97
89385,69.7
89486,70.8
89610,70.77
89710,71
89811,72.27
89926,73.94
90029,73.19
90131,72.65
90247,73.26
90364,72.23
90464,70.51
90566,72.87
90682,73.73
90784,72.2
90902,72.31
91003,72.96
91104,71.82
91207,70.89
91323,74.15
91424,76.11
91524,76.79
91624,75.59
91726,74.84
91828,75.32
91929,74.36
92046,74.37
92176,76.83
92280,76.91
92382,74.33
92482,74.8
92584,75.65
92701,75
92801,75.38
92903,76.4
93006,76.65
93106,75.25
93206,76.75
93308,75.29
93409,76.47
93509,75.32
93626,75.74
93743,76.43
93845,77.27
93945,78.44
94045,80.44
94149,79.18
94266,77.31
94367,78.64
94468,78.87
94570,78.01
94670,79.54
94770,80.18
94874,81.57
94990,80.73
95092,80.48
95192,81.44
95292,82.27
95392,82.75
95492,80.59
95594,80.74
95694,82.93
95810,83.31
95910,84.79
96010,83.93
96110,85.49
96212,84.69
96329,85.79
96445,85.36
96546,86.6
96663,86.99
96781,86.97
96882,85.88
96998,87.42
97099,87.9
97199,88.08
97302,88.18
97407,88.68
97509,89.93
97610,89.72
97712,89.46
97813,90.29
97915,89.99
98023,91.47
98126,93.76
98227,105.21
98327,93.17
98428,78.97
98528,94.43
98628,86.95
98730,86.08
98836,86.73
98937,85.78
99039,89.25
99139,89.46
99240,89.87
99341,87.93
99441,87.64
99541,88.69
99641,88.77
99743,87.78
99845,87.15
99948,87.43
100050,88.85
100151,85.23
100251,87.08
100355,88.08
100472,86.19
100574,85.56
100686,86.18
100789,85.01
100890,85.84
101006,85.57
101107,86.34
101213,85.41
101314,84.36
101430,86.53
101532,87.67
101648,88.73
101750,88.46
101853,85.6
101953,85.07
102056,85.3
102177,85.32
102292,84.21
102394,84.03
102509,83.52
102609,83.63
102710,81.8
102812,82.49
102912,81.29
103014,81.56
103116,82.42
103219,82.79
103322,83.59
103426,83.35
103527,82.47
103628,82.79
103728,80.88
103830,81.89
103930,82.6
104030,84.16
104132,84.79
104235,82.98
104335,81.91
104435,82.69
104556,81.11
104656,79.79
104756,81.17
104858,80.57
104975,76.97
105078,79.61
105182,78.8
105286,77.97
105402,78.89
105505,79.37
105605,78.44
105707,76.57
105808,77.54
105911,74.29
106013,74.43
106114,75.39
106216,75.97
106317,76.52
106420,75.51
106536,74.3
106638,76.01
106740,75.74
106842,74.18
106945,74.34
107046,74.65
107146,74.49
107246,76.23
107350,75.59
107451,75.16
107551,73.61
107651,72.8
107767,75.32
107885,77.84
108000,74.14
108102,75.81
108206,76.16
108321,73.77
108421,73.42
108525,75.11
108628,74.2
108732,71.77
108832,71.61
108933,71.85
109036,75.08
109152,74.82
109253,69.16
109369,73.15
109488,72.57
109588,73.61
109704,72.61
109807,71.3
109909,106.37
110009,88.5
110109,64.78
110212,76.79
110329,78.82
110432,72.34
110541,76.11
110657,76.33
110759,75.97
110862,75.41
110968,76.47
111098,77.15
111200,75.42
111301,75.64
111417,75.97
111519,76.69
111619,75.92
111720,74.45
111822,76.93
111925,77.63
112041,75.22
112141,74.34
112243,76.07
112343,75.54
112460,75.68
112577,76.51
112692,77.26
112802,75.76
112914,75.89
113030,77.78
113130,79.93
113231,80.57
113334,79.46
113435,79.48
113535,78.74
113638,76.59
113739,76.95
113846,75.74
113946,76.41
114046,75.54
114147,75.96
114247,77.02
114347,76.61
114447,77.58
114549,76.36
114652,77.45
114752,78.93
114855,77.82
114957,77
115064,78.22
115165,78.63
115266,80.12
115366,80.47
115469,78.73
115584,77.14
115705,79.32
115805,78.74
115907,79.08
116008,78.53
116108,76.61
116227,80.62
116331,81.4
116447,80.53
116547,79.28
116649,78.62
116752,79.45
116853,81.01
116970,80.97
117070,81.46
117170,81.31
117272,80.37
117372,80.89
117472,81.56
117572,80.83
117673,80.78
117775,80.95
117877,81.62
117994,82.93
118108,84.88
118208,82.27
118310,83.37
118437,84.44
118539,84.9
118641,84.93
118742,85.42
118844,86.09
118946,85.59
119049,83.64
119153,86.11
119269,86.14
119370,84.67
119471,86.23
119572,86.49
119673,84.64
119779,84.53
119892,86.61
119996,84.08
120110,84.96
120221,84.04
120321,84.91
120421,85.5
120525,84.67
120628,85.74
120737,85.67
120839,85.95
120939,82.78
121043,81.93
121159,83.05
121261,85.11
121363,84.45
121466,82.5
121566,87.73
121668,114.61
121771,85.44
121872,78.74
121976,88.31
122079,80.62
122179,81.84
122281,83.54
122398,82.95
122498,80.15
122601,80.71
122702,79.78
122819,80.19
122921,79.04
123024,79.47
123126,81.36
123226,79.73
123326,79
123443,75.63
123543,73
123643,73.91
123760,77.08
123863,76.85
123964,76.59
124079,76.56
124181,76.72
124283,75.24
124400,76.7
124501,78.93
124616,76.73
124718,76.58
124835,76.75
124935,78.56
125036,80.42
125137,78.15
125237,75.23
125337,75.79
125439,76.58
125541,75.2
125641,75.24
125743,75.53
125859,75.6
125959,73.73
126060,72.61
126160,71.91
126263,70.03
126380,71.4
126481,72.41
126581,72.04
126683,69.96
126785,69.95
126885,69.99
126986,69.11
127087,68.58
127187,69.21
127303,69.09
127403,71.42
127520,68.74
127621,67.94
127721,69.04
127824,67.23
127925,57.22
128028,55.39
128130,64.09
128234,64.83
128337,62.69
128438,63.77
128538,65.22
128655,65.8
128755,65.54
128856,65.12
128971,67.43
129072,66.67
129175,66.98
129275,67.71
129382,65.88
129482,67.11
129599,68.09
129715,64.89
129817,65.99
129921,66.26
130023,65.59
130126,65.12
130239,66.51
130346,65.2
130447,64.44
130547,65.35
130650,67.42
130753,68.88
130856,68.22
130958,69.35
131060,71.01
131161,71.54
131262,70.94
131369,71.45
131484,70.52
131584,70.39
131687,69.83
131788,68.15
131909,69.9
132010,70.21
132110,72.61
132214,72.81
132325,69.75
132432,69.52
132532,70.66
132634,69.88
132734,67.87
132835,68.46
132938,69.97
133038,71.02
133141,68.23
133243,71.82
133344,94.58
133444,88.63
133546,64.05
133646,75.73
133749,69.1
133850,66.9
133953,71.8
134056,72.33
134158,73.04
134263,72.9
134379,71.41
134496,70.88
134596,71.7
134698,70.39
134815,72.45
134929,72.9
135032,73.58
135135,72.78
135239,71.91
135341,71.47
135442,72.77
135545,71.99
135645,73.32
135748,72.47
135864,71.28
135965,71.81
136067,72.16
136170,72.84
136276,73.34
136392,73.41
136492,75.04
136608,76.03
136725,80.05
136825,78.66
136925,77.3
137026,75.7
137128,74.86
137230,72.14
137330,73.03
137433,73.1
137536,73.05
137636,73.64
137739,76.77
137841,74.14
137941,73.29
138041,75.61
138142,75.4
138244,74.16
138346,74.17
138447,74.76
138547,76.17
138647,76.67
138751,77.64
138867,77.43
138968,76.63
139084,77.18
139185,77.73
139288,78.75
139388,76.67
139489,77.13
139590,77.56
139692,77.24
139794,75.1
139894,77.92
139996,78.94
140113,78.64
140232,78.32
140332,79.77
140432,79.3
140533,79.69
140633,78.45
140733,78.39
140849,78.31
140950,77.4
141066,76.59
141169,76.95
141273,78.32
141374,76.41
141475,78.42
141575,78.06
141691,78.64
141795,77.36
141896,77.94
141997,78.6
142098,79.02
142201,80.23
142301,79.81
142401,78.81
142517,78.41
142634,78.13
142736,77.17
142836,79.02
142956,81.15
143058,81.82
143175,78.11
143278,76.27
143378,76.36
143478,75.98
143596,76.38
143712,78.04
143832,80.03
143935,76.92
144051,78.69
144167,79.13
144269,78.81
144371,79.21
144471,79.36
144572,77.73
144673,78.1
144774,77.4
144874,75.76
144974,86.24
145074,115.86
145174,107.68
145275,80.34
145378,79.19
145478,77.09
145595,76.4
145695,75.82
145798,73.28
145899,73.45
145999,75.91
146099,76.84
146200,73.63
146301,72.15
146417,73.59
146538,73.36
146641,73.35
146744,72.43
146846,72.5
146946,72.7
147046,72.02
147147,70.51
147263,70.69
147379,69.36
147479,70.69
147580,69.87
147680,69.24
147780,69.44
147883,68.97
147986,69.89
148086,71.3
148187,74.61
148289,78.73
148389,83.73
148489,81.71
148589,75.19
148692,72.63
148794,71.47
148897,72.09
149000,70.21
149105,69.15
149222,66.77
149338,67.07
149441,67.16
149542,64.74
149649,64.6
149762,65.94
149878,63.41
149981,65.58
150097,64.1
150200,66.13
150302,66.66
150419,64.22
150522,66.41
150639,67.85
150739,68.24
150843,68.74
150945,66.87
151060,67.99
151162,64.47
151262,63.78
151364,64.18
151467,64.56
151567,64.93
151667,65.16
151767,66.23
151868,64.45
151972,65.46
152072,65.65
152174,64.17
152274,64.07
152390,66.25
152493,66.75
152609,66.1
152710,64.41
152812,64.05
152930,63.89
153048,65.4
153148,66.19
153253,67.47
153366,67.91
153466,67.18
153566,65.86
153666,64.28
153768,65.97
153871,67.67
153974,65.18
154076,66.95
154176,68.87
154277,67.89
154380,69.88
154480,69.53
154581,68.76
154683,68.07
154785,68.88
154886,70.13
154989,69.68
155100,70.08
155202,70.5
155318,71.05
155420,70.07
155523,70.82
155623,70.55
155727,72.87
155846,73.07
155946,72.29
156047,71.99
156150,72.01
156250,73
156351,71.69
156452,73.53
156552,74.77
156668,80.29
156768,106.48
156870,118.46
156973,98.98
157076,76.68
157176,69.3
157276,76.03
157393,83.38
157497,82.87
157597,82.87
157697,81.96
157798,79.02
157898,79.2
157998,79.78
158101,77.73
158203,78.74
158303,81.08
158407,82.24
158507,80.73
158610,80.16
158713,80.5
158815,80.14
158920,79.84
159022,80.14
159138,79.85
159256,78.95
159371,81.81
159472,82.87
159572,82.54
159673,84.58
159773,87.08
159876,88.46
159982,90.52
160089,95.79
160191,90.44
160291,89.49
160391,85.92
160492,84.67
160593,82.76
160696,80.87
160805,81.05
160906,79.13
161006,77.14
161107,76.45
161208,75.74
161311,76.49
161417,76.09
161534,76.33
161650,75.14
161752,75.79
161854,77.5
161955,76.04
162055,75.88
162158,75.89
162264,77.21
162367,78.22
162468,77.07
162570,76.89
162673,75.8
162774,74.65
162877,76.01
162981,74.8
163084,75.11
163185,74.97
163287,75.31
163389,76.59
163489,76.35
163590,77.47
163693,75.86
163809,75.57
163909,74.84
164009,75.37
164112,76.9
164212,75.95
164312,74.84
164416,75
164520,75.06
164620,73.08
164721,73.5
164836,73.63
164953,72.62
165055,71.27
165158,72.1
165260,72.34
165366,72.38
165480,72.36
165580,71.21
165697,69.88
165799,71.73
165902,74.5
166004,75.28
166105,72.96
166208,72.5
166308,71.96
166411,72.79
166513,71.65
166613,71.67
166713,73.46
166813,73.31
166913,72.05
167017,73.62
167118,73.06
167222,70.63
167323,69.65
167426,70.34
167529,71.47
167630,71.22
167730,69.48
167832,69.97
167932,71.22
168034,71.13
168138,69.16
168258,69.97
168361,73.3
168469,85.49
168588,98.46
168692,76.37
168795,76.25
168897,68.38
169016,70.34
169119,80.5
169222,79.66
169325,76.76
169427,75.47
169532,74.18
169632,73.76
169733,72.2
169833,72.22
169933,70.37
170034,72.02
170137,71.36
170238,67.47
170342,71.15
170462,73.54
170571,70.55
170682,69.08
170784,71.82
170889,72.45
170991,70.81
171094,70.78
171195,71.27
171297,72.5
171398,73.86
171499,73.64
171615,78.65
171731,85.99
171831,89.94
171933,85.9
172035,81.24
172138,78.07
172241,76.49
172344,76.1
172462,73.57
172562,72.11
172662,70.18
172764,68
172866,66.56
172967,65.21
173067,66.63
173170,67.25
173286,67.63
173387,68.39
173490,67.88
173590,68.89
173690,70.07
173790,69.51
173890,67.84
173991,66.38
174094,66.61
174195,68.61
174297,68.09
174399,70.02
174499,68.83
174601,68.33
174704,69.65
174820,70.35
174920,70.47
175023,70.08
175124,70.19
175227,69.66
175330,70.82
175430,70.82
175533,70.68
175633,70.3
175737,70.96
175839,70.1
175941,69.6
176057,71.21
176176,69.85
176278,69.4
176382,71.15
176482,72.47
176585,72.99
176701,72.4
176818,72.58
176934,72.54
177036,73.75
177138,71.81
177243,72.81
177345,75.52
177445,74.63
177546,75.52
177648,74.48
177768,76.05
177870,76.62
177972,75.16
178072,77.03
178175,81.03
178276,80.38
178379,78.8
178484,76.19
178601,78.56
178701,77.69
178803,77.78
178906,78.73
179006,79.17
179106,78.84
179207,79.55
179307,78.35
179410,79.44
179511,78.42
179612,81.71
179715,81.25
179818,81.84
179920,82.41
180020,84.54
180120,90.84
180222,106.58
180323,109.64
180423,89.84
180523,77.97
180623,75.66
180724,85.14
180825,90.32
180930,90.1
181046,90.53
181149,89.17
181249,88.47
181353,89.15
181470,87.47
181570,86.38
181670,88.7
181774,88.11
181890,87.69
182007,86.96
182123,88.18
182223,88.71
182324,87.39
182427,88.85
182552,88.38
182669,89.05
182769,92.03
182872,92.63
182975,90.39
183075,94.39
183177,95.59
183279,97.47
183380,102.16
183481,108.7
183581,106.04
183697,104.97
183799,102.01
183903,95.25
184004,93.08
184106,92.52
184222,92.89
184325,92.78
184428,90.93
184543,89.87
184644,89.9
184747,92.64
184848,91.96
184951,89.55
185051,90.34
185153,90.24
185256,90.35
185373,90.04
185476,92.02
185576,94.9
185676,93.68
185779,90.68
185881,92.92
185983,92.8
186084,92.34
186186,91.65
186287,90.3
186403,91.29
186503,90.35
186606,92.91
186706,93.66
186809,92.37
186912,91.94
187013,92.85
187116,91.83
187220,91.53
187322,92.09
187424,92.75
187527,91.59
187641,89.06
187744,89.12
187844,89.42
187944,88.56
188047,89.3
188156,91.68
188259,92.55
188377,89.87
188490,91.11
188594,91.13
188694,89.15
188796,89.62
188897,90.64
188998,89.21
189100,87.24
189204,90.6
189320,91.14
189422,92.09
189522,91.41
189622,89.8
189723,89.67
189825,89.77
189928,89.41
190030,89.79
190131,90.94
190231,91.63
190334,91.15
190434,90.54
190534,89.26
190636,88.83
190738,89.74
190839,89.49
190942,88.09
191042,88.9
191144,88.66
191244,89.4
191344,87.84
191446,85.94
191549,87.47
191651,89.51
191753,91.2
191857,105.42
191960,113.72
192063,101.31
192182,90.59
192285,88.32
192390,89.45
192490,94.36
192593,93.78
192694,91.79
192810,92.26
192913,94.27
193014,95.99
193115,92.26
193217,89.51
193320,87.96
193421,89.66
193523,91.79
193626,87.5
193727,82.93
193831,83.44
193932,81.93
194034,83.82
194136,82.93
194236,81.4
194339,81.86
194442,82.6
194542,82.05
194642,82.56
194743,83.68
194843,87.21
194946,86.81
195046,89.63
195150,95.21
195253,97.69
195353,94.23
195469,92.71
195588,88.19
195703,85.31
195820,80.83
195922,81.13
196022,85.83
196124,79.15
196225,77.84
196328,78.86
196430,79.06
196532,78.91
196632,78.95
196732,79.65
196835,79.52
196937,79.22
197039,79.77
197141,80.71
197242,80.77
197344,78.53
197446,79.28
197549,79.11
197653,78.88
197753,79.84
197853,76.97
197953,77.67
198069,76.98
198187,78.44
198289,77.96
198393,76.64
198494,77.45
198610,76.43
198710,76.87
198828,76.38
198946,76.58
199061,78.88
199162,78.77
199263,78.35
199364,78.87
199466,78.62
199569,76.23
199671,75.53
199791,79.26
199893,78.57
199996,77.22
200111,77.3
200213,77.57
200316,78.11
200417,77.94
200519,78.87
200620,79.44
200735,80.14
200836,80.9
200940,79.26
201056,79.68
201159,81.52
201278,80.95
201398,80.24
201498,80.98
201614,81.1
201714,81.99
201814,82.56
201916,81.58
202019,80.96
202122,81.74
202225,82.42
202325,82.41
202425,83.8
202526,83.72
202626,84.41
202726,85.27
202826,84.77
202926,84.98
203026,83.99
203127,84.83
203229,85.58
203345,84.93
203448,85.74
203550,93.59
203651,103.38
203767,100.07
203870,82.94
203973,78.61
204074,83.12
204192,95.65
204308,95.75
204411,93.68
204512,93.31
204635,91.85
204736,90.83
204837,91.57
204937,90.38
205037,91.09
205140,91.62
205243,89.82
205347,89.36
205449,90.13
205551,90.73
205654,90.74
205768,90.26
205871,90.65
205971,91.72
206071,91.16
206172,87.4
206288,91.64
206409,94.07
206509,93.62
206612,94.97
206712,96.17
206813,101.21
206913,106.62
207037,103.06
207138,100.91
207241,98.54
207342,95.88
207446,91.4
207546,89.37
207648,88.61
207764,87.91
207864,89.75
207964,87.15
208064,85.55
208171,85.64
208273,84.44
208375,86.69
208479,86.82
208594,84.28
208712,83.9
208816,83.75
208937,85.8
209038,85.57
209141,86.22
209244,84.11
209345,82.31
209447,81.13
209550,83.73
209653,85.31
209754,83.59
209870,82.82
209974,80.23
210090,81.27
210210,81.65
210314,80.91
210416,79.13
210533,79.39
210641,79.6
210742,79.03
210842,79.46
210943,78.7
211043,78.02
211143,77.54
211243,77.19
211344,77.52
211447,79.42
211549,79.15
211652,79.21
211768,79.71
211871,80.6
211988,79.22
212104,76.78
212205,77.3
212307,77.49
212422,75.22
212522,74.86
212624,74.55
212741,74.9
212841,77.51
212944,76.76
213046,75.52
213160,77.06
213260,76.51
213363,74.95
213465,74.95
213565,73.72
213666,73.67
213782,74.07
213884,75.13
214016,75.41
214127,74.72
214230,74.25
214331,76.23
214433,76.1
214536,75.71
214638,73.73
214744,72.38
214847,71.92
214950,72.01
215053,71.79
215153,70.85
215256,74.73
215356,87.5
215457,89.26
215560,74.91
215662,69.11
215762,68.84
215862,77.37
215963,79.04
216064,76.93
216165,75.8
216267,73.99
216371,74.15
216473,78.14
216573,74.88
216675,73.26
216790,74.33
216910,75.55
217019,75.22
217130,72.41
217233,71.48
217334,72.52
217436,72
217536,71.77
217640,71.87
217740,72.85
217843,75.61
217946,76.74
218046,75.2
218149,77.98
218252,78.99
218353,81.17
218457,83.76
218560,93.68
218676,92.19
218776,88.66
218880,86.8
218982,84.58
219083,82.55
219184,79.94
219300,74.42
219416,75.99
219517,75.99
219617,74.83
219721,73.48
219824,74.3
219941,75.1
220044,74.48
220144,75.04
220245,74.49
220345,73.73
220445,70.82
220545,69.72
220647,70.11
220750,72.41
220851,72.69
220968,73.21
221071,73.59
221173,73.76
221273,74.91
221373,72.59
221474,71.49
221576,73.58
221676,71.55
221776,71.21
221878,75.25
221994,74.88
222111,74.4
222212,74.72
222328,74.04
222428,73.92
222528,75.09
222628,73.98
222744,74.72
222847,77.1
222948,75.46
223050,74.42
223150,75.17
223252,78.48
223353,77.5
223455,76.43
223556,76.84
223657,76.15
223758,77.68
223858,79
223958,78.77
224064,78.4
224166,78.67
224270,76.81
224373,79.55
224474,82.87
224577,82.32
224682,82.31
224802,79.84
224923,80.61
225038,81.78
225138,83.14
225241,81.75
225345,83.94
225461,86.43
225566,84.3
225669,84.39
225769,85.18
225872,85.56
225973,85.97
226076,88.57
226177,87.91
226293,87
226395,86.16
226495,85.34
226598,83.65
226716,87.04
226819,86.08
226921,85.7
227029,91.76
227143,86.42
227244,80.96
227344,82.52
227445,77.43
227562,83.83
227665,89.81
227765,89.01
227868,84.48
227971,85.18
228071,86.47
228174,88.58
228277,85.55
228377,85.76
228481,84.99
228581,84.64
228687,83.64
228787,84.24
228887,86.63
228988,86.13
229088,84.98
229190,84.34
229293,84.92
229395,87.33
229498,86.75
229598,84.91
229698,87.09
229801,88.33
229921,88.91
230024,91.11
230124,92.99
230227,93.61
230329,98.43
230433,99.02
230534,95.22
230637,91.68
230740,89.55
230842,87.55
230958,86.92
231061,85.07
231164,83.81
231267,83.47
231369,83
231471,81.81
231572,80.49
231688,79.53
231803,79.84
231921,79.69
232023,79.33
232126,79.59
232229,76.66
232329,74.81
232429,78.58
232534,76.53
232638,76.65
232738,77.52
232854,76.66
232956,77.82
233057,75.59
233173,75.49
233273,72.83
233374,72.98
233476,72.4
233579,73.6
233679,73.91
233779,71.64
233880,72.41
233982,72.29
234085,72.42
234185,70.26
234290,70.13
234391,70.45
234517,70.52
234634,68.32
234738,69.12
234840,70.5
234955,69.93
235060,68.94
235177,69.37
235293,68.61
235397,66.74
235500,67.21
235603,68.23
235706,69.49
235822,67.43
235944,65.6
236045,68.13
236145,69.23
236248,69.11
236350,68.61
236453,69.52
236556,68.57
236656,67.68
236757,67.65
236858,71.74
236958,70.46
237061,68.69
237163,69.26
237265,67.74
237366,69.15
237468,69.99
237569,69.68
237669,68.24
237769,68.05
237871,71.84
237974,71.6
238078,69.07
238178,68.95
238279,69.77
238394,69.16
238494,69.93
238595,70.31
238698,74.97
238798,83.97
238900,78.91
239002,72.44
239105,65.94
239209,69.36
239311,74.22
239427,76.62
239530,75.65
239633,74.5
239733,73.79
239836,73.53
239936,73.05
240039,73.5
240140,74.03
240244,74.08
240348,73.42
240464,72.84
240564,72.53
240664,72.61
240764,72.68
240865,72.49
240981,73.12
241083,72.68
241183,72.2
241286,73.32
241387,72.54
241503,74.11
241604,73.93
241707,76.82
241808,78.2
241912,79.83
242028,91.1
242145,88.41
242248,87.46
242348,84.11
242448,82.41
242550,80.23
242653,76.27
242753,74.92
242856,76.03
242959,76.79
243060,75.88
243162,74.41
243266,73.47
243382,75.16
243483,73.07
243583,71.05
243685,71.86
243786,72.42
243888,72.24
243989,72.65
244089,73.44
244190,74.7
244291,74.64
244393,75.5
244496,76.1
244596,75.46
244698,76.9
244799,78.61
244901,77.34
245001,76.96
245102,77.2
245202,77.64
245303,77.11
245405,77.8
245507,78.22
245609,79.36
245711,80.31
245811,79.65
245912,80.35
246028,80.73
246149,79.24
246261,80.79
246362,82.63
246466,82.9
246566,82.8
246668,83.83
246768,84.84
246870,83.49
246971,83.98
247071,83.69
247172,83.04
247272,83.33
247375,85.32
247476,85.77
247576,84.35
247692,82.7
247808,84.8
247910,86.52
248012,87.89
248115,88.83
248231,87.48
248348,88.94
248450,87.83
248553,88.59
248655,89.55
248773,91.5
248876,92.23
248977,92.19
249077,92.55
249179,91.83
249281,91.4
249384,91.81
249487,92.68
249588,92.12
249688,92.29
249796,94.24
249898,94
250000,93.94
250115,92.22
250216,95.42
250316,97.78
250417,102.89
250520,104
250620,90.74
250721,93.9
250821,87.95
250921,88.25
251022,97.46
251144,99.68
251244,100.3
251345,99.79
251448,100.39
251549,99.67
251653,99.06
251753,101.34
251853,101.98
251956,101.59
252058,100.61
252159,100.18
252259,101.27
252360,102.39
252461,100.32
252576,102.13
252677,103.61
252778,103.38
252880,104.62
252982,105.99
253083,105.49
253185,106.22
253288,107.55
253388,108.27
253488,110.31
253604,114.46
253704,121.22
253804,116.85
253906,114.03
254008,112
254125,109.86
254240,109.65
254341,107.8
254458,104.34
254560,103.82
254663,106.37
254764,107.45
254866,108.09
254968,104.33
255070,105.27
255170,106.04
255272,106.65
255378,107.7
255494,107.11
255601,104.94
255702,104.89
255817,105.5
255918,105.18
256018,105.4
256118,105.47
256218,105.83
256320,106.43
256420,107.38
256536,106.98
256652,106.07
256765,106.85
256866,106.47
256966,106.34
257083,106.59
257187,107.46
257290,108.55
257393,108.23
257496,109.25
257599,110.56
257713,108.45
257815,108.9
257916,109.31
258019,109.61
258122,112.64
258222,112.72
258338,111.83
258455,113.3
258555,113.93
258655,114.49
258756,114.14
258859,115.27
258959,115.62
259062,115.55
259165,114.78
259284,114.52
259388,113.16
259503,113.89
259604,116.28
259704,117.93
259822,117.83
259940,119.86
260060,120.31
260162,117.25
260272,121.41
260374,122.2
260478,123.05
260595,121.91
260698,121.64
260799,122.1
260901,121.78
261005,121.66
261107,123.24
261208,122.49
261310,123.25
261413,124.79
261513,124.99
261614,125.38
261717,125.3
261818,124.7
261918,124.86
262037,127.98
262156,133.59
262259,135.37
262359,137.15
262461,132.52
262564,129.23
262664,128.11
262765,128.67
262866,128.07
262981,128.35
263085,128.52
263185,128.99
263290,131.75
263391,132.05
263491,131.83
263607,136.1
263708,147.89
263813,147.6
263916,131.07
264020,132.72
264121,130.71
264223,130.41
264340,132.37
264456,130.86
264557,131.7
264673,133.44
264773,134.28
264876,133.04
264992,133.06
265093,132.53
265196,134.91
265296,132.79
265399,132.52
265502,134.29
265603,134.48
265706,133.83
265806,137.13
265911,137.21
266011,136.14
266114,135.74
266217,132.51
266317,131.34
266418,131
266533,131.73
266636,132.49
266757,134.08
266858,134.03
266974,134.44
267076,134.97
267176,134.54
267276,134.38
267379,135.05
267493,136.05
267594,135.57
267710,135.53
267810,136.24
267911,136.24
268011,136.93
268114,136.77
268216,137.78
268320,138.28
268423,137.94
268523,137.7
268626,138.13
268730,138.9
268831,138.23
268931,138.19
269048,138.9
269164,139.11
269267,139.25
269369,139.58
269471,140.5
269572,140.63
269675,140.74
269775,140.75
269880,141.27
269983,141.95
270086,141.51
270189,141.19
270289,139.15
270391,138.58
270494,139.39
270594,139.05
270694,139.12
270794,139.35
270894,140.06
270994,140.7
271094,141.05
271197,141.31
271297,140.52
271398,141.03
271499,141.52
271601,141.1
271704,141.17
271820,142.67
271923,142.35
272026,142.91
272127,141.83
272227,137.84
272327,133.97
272428,135.64
272530,136.46
272630,136.93
272730,137.75
272830,138.5
