Layer #,Pass #,Time(ms),Reading
53,1,460071,0.0
53,1,460089,0.0
53,1,460105,0.0
53,1,460121,0.0
53,1,460137,0.0
53,1,460154,707.0
53,1,460171,708.0
53,1,460187,709.0
53,1,460203,707.0
53,1,460220,708.0
53,1,460237,709.0
53,1,460253,707.0
53,1,460270,707.0
53,1,460287,710.0
53,1,460304,708.0
53,1,460320,709.0
53,1,460338,708.0
53,1,460353,708.0
53,1,460371,709.0
53,1,460387,710.0
53,1,460404,709.0
53,1,460421,708.0
53,1,460437,709.0
53,1,460454,708.0
53,1,460470,709.0
53,1,460487,708.0
53,1,460503,709.0
53,1,460520,710.0
53,1,460537,708.0
53,1,460554,710.0
53,1,460570,709.0
53,1,460588,709.0
53,1,460605,710.0
53,1,460620,711.0
53,1,460637,709.0
53,1,460653,708.0
53,1,460671,710.0
53,1,460687,708.0
53,1,460704,711.0
53,1,460720,712.0
53,1,460738,709.0
53,1,460753,708.0
53,1,460770,709.0
53,1,460787,710.0
53,1,460804,709.0
53,1,460821,708.0
53,1,460837,710.0
53,1,460854,709.0
53,1,460870,708.0
53,1,460887,710.0
53,1,460904,708.0
53,1,460921,710.0
53,1,460938,709.0
53,1,460954,708.0
53,1,460971,711.0
53,1,460988,709.0
53,1,461004,709.0
53,1,461021,709.0
53,1,461038,709.0
53,1,461055,708.0
53,1,461071,710.0
53,1,461088,709.0
53,1,461104,708.0
53,1,461121,710.0
53,1,461137,710.0
53,1,461155,709.0
53,1,461171,708.0
53,1,461187,710.0
53,1,461204,711.0
53,1,461220,709.0
53,1,461237,707.0
53,1,461254,707.0
53,1,461271,707.0
53,1,461289,711.0
53,1,461305,709.0
53,1,461320,710.0
53,1,461338,708.0
53,1,461355,709.0
53,1,461371,710.0
53,1,461388,710.0
53,1,461404,710.0
53,1,461421,708.0
53,1,461438,710.0
53,1,461455,710.0
53,1,461471,709.0
53,1,461488,709.0
53,1,461504,709.0
53,1,461522,710.0
53,1,461539,710.0
53,1,461554,710.0
53,1,461571,710.0
53,1,461587,710.0
53,1,461604,709.0
53,1,461621,708.0
53,1,461638,707.0
53,1,461655,708.0
53,1,461671,709.0
53,1,461687,709.0
53,1,461705,709.0
53,1,461721,709.0
53,1,461738,709.0
53,1,461754,710.0
53,1,461771,710.0
53,1,461788,710.0
53,1,461804,710.0
53,1,461822,709.0
53,1,461838,709.0
53,1,461854,709.0
53,1,461872,710.0
53,1,461888,711.0
53,1,461904,710.0
53,1,461921,709.0
53,1,461937,709.0
53,1,461954,709.0
53,1,461970,708.0
53,1,461988,708.0
53,1,462004,709.0
53,1,462022,709.0
53,1,462038,710.0
53,1,462054,709.0
53,1,462071,710.0
53,1,462088,709.0
53,1,462104,709.0
53,1,462121,710.0
53,1,462137,710.0
53,1,462155,710.0
53,1,462171,710.0
53,1,462187,710.0
53,1,462206,710.0
53,1,462222,723.0
53,1,462238,687.0
53,1,462255,643.0
53,1,462271,617.0
53,1,462288,574.0
53,1,462304,544.0
53,1,462321,519.0
53,1,462338,492.0
53,1,462354,468.0
53,1,462370,442.0
53,1,462388,419.0
53,1,462404,400.0
53,1,462421,378.0
53,1,462438,361.0
53,1,462454,343.0
53,1,462471,331.0
53,1,462488,314.0
53,1,462504,302.0
53,1,462522,289.0
53,1,462537,280.0
53,1,462555,274.0
53,1,462572,267.0
53,1,462588,261.0
53,1,462605,257.0
53,1,462622,253.0
53,1,462638,249.0
53,1,462655,248.0
53,1,462671,247.0
53,1,462688,244.0
53,1,462705,243.0
53,1,462722,243.0
53,1,462737,242.0
53,1,462754,240.0
53,1,462771,241.0
53,1,462788,238.0
53,1,462805,239.0
53,1,462821,238.0
53,1,462838,239.0
53,1,462854,239.0
53,1,462871,237.0
53,1,462888,238.0
53,1,462904,238.0
53,1,462922,238.0
53,1,462939,238.0
53,1,462955,239.0
53,1,462971,235.0
53,1,462987,237.0
53,1,463005,237.0
53,1,463021,238.0
53,1,463038,238.0
53,1,463055,238.0
53,1,463070,238.0
53,1,463089,237.0
53,1,463104,237.0
53,1,463122,238.0
53,1,463138,236.0
53,1,463155,237.0
53,1,463171,239.0
53,1,463188,236.0
53,1,463205,239.0
53,1,463221,237.0
53,1,463238,237.0
53,1,463254,236.0
53,1,463272,236.0
53,1,463288,237.0
53,1,463305,237.0
53,1,463321,236.0
53,1,463338,236.0
53,1,463355,238.0
53,1,463371,236.0
53,1,463388,237.0
53,1,463404,238.0
53,1,463421,236.0
53,1,463438,236.0
53,1,463455,238.0
53,1,463472,236.0
53,1,463487,237.0
53,1,463504,236.0
53,1,463521,237.0
53,1,463538,238.0
53,1,463554,237.0
53,1,463571,236.0
53,1,463588,236.0
53,1,463605,237.0
53,1,463621,237.0
53,1,463638,238.0
53,1,463654,236.0
53,1,463671,235.0
53,1,463689,237.0
53,1,463705,236.0
53,1,463721,236.0
53,1,463738,237.0
53,1,463754,236.0
53,1,463772,237.0
53,1,463789,236.0
53,1,463805,236.0
53,1,463821,235.0
53,1,463839,236.0
53,1,463855,237.0
53,1,463871,236.0
53,1,463888,236.0
53,1,463905,236.0
53,1,463922,237.0
53,1,463938,237.0
53,1,463954,235.0
53,1,463972,235.0
53,1,463988,235.0
53,1,464005,237.0
53,1,464021,237.0
53,1,464038,237.0
53,1,464055,236.0
53,1,464072,235.0
53,1,464089,235.0
53,1,464105,235.0
53,1,464122,235.0
53,1,464138,235.0
53,1,464154,235.0
53,1,464172,235.0
53,1,464188,235.0
53,1,464205,235.0
53,1,464222,235.0
53,1,464238,235.0
53,1,464255,235.0
53,1,464272,235.0
53,1,464289,235.0
53,1,464305,235.0
53,1,464322,235.0
53,1,464339,235.0
53,1,464355,235.0
53,1,464371,235.0
53,1,464388,235.0
53,1,464405,235.0
53,1,464421,235.0
53,1,464438,235.0
53,1,464455,235.0
53,1,464473,235.0
53,1,464490,235.0
53,1,464504,235.0
53,1,464522,235.0
53,1,464538,235.0
53,2,464555,235.0
53,2,464573,235.0
53,2,464589,235.0
53,2,464605,235.0
53,2,464622,235.0
53,2,464638,472.0
53,2,464655,486.0
53,2,464671,498.0
53,2,464688,514.0
53,2,464705,523.0
53,2,464722,536.0
53,2,464739,549.0
53,2,464755,560.0
53,2,464772,571.0
53,2,464789,580.0
53,2,464805,590.0
53,2,464822,599.0
53,2,464839,608.0
53,2,464855,616.0
53,2,464871,621.0
53,2,464889,632.0
53,2,464906,637.0
53,2,464921,645.0
53,2,464938,648.0
53,2,464955,650.0
53,2,464972,656.0
53,2,464988,659.0
53,2,465005,662.0
53,2,465021,667.0
53,2,465038,671.0
53,2,465054,674.0
53,2,465072,677.0
53,2,465089,680.0
53,2,465105,681.0
53,2,465122,687.0
53,2,465139,688.0
53,2,465155,692.0
53,2,465171,693.0
53,2,465188,692.0
53,2,465205,695.0
53,2,465222,694.0
53,2,465239,696.0
53,2,465255,698.0
53,2,465272,698.0
53,2,465288,700.0
53,2,465305,701.0
53,2,465321,701.0
53,2,465338,703.0
53,2,465355,707.0
53,2,465372,706.0
53,2,465389,708.0
53,2,465404,709.0
53,2,465422,709.0
53,2,465438,706.0
53,2,465456,706.0
53,2,465472,707.0
53,2,465489,709.0
53,2,465505,709.0
53,2,465522,707.0
53,2,465539,710.0
53,2,465555,707.0
53,2,465572,711.0
53,2,465588,711.0
53,2,465605,714.0
53,2,465622,712.0
53,2,465638,714.0
53,2,465655,715.0
53,2,465671,711.0
53,2,465688,714.0
53,2,465705,712.0
53,2,465722,711.0
53,2,465739,711.0
53,2,465756,712.0
53,2,465771,713.0
53,2,465788,711.0
53,2,465805,713.0
53,2,465821,714.0
53,2,465838,712.0
53,2,465855,717.0
53,2,465872,715.0
53,2,465888,717.0
53,2,465904,713.0
53,2,465921,714.0
53,2,465940,714.0
53,2,465956,712.0
53,2,465972,714.0
53,2,465989,714.0
53,2,466005,716.0
53,2,466021,713.0
53,2,466039,715.0
53,2,466056,717.0
53,2,466071,715.0
53,2,466089,718.0
53,2,466105,717.0
53,2,466122,718.0
53,2,466138,717.0
53,2,466155,714.0
53,2,466172,714.0
53,2,466188,715.0
53,2,466204,715.0
53,2,466222,715.0
53,2,466238,713.0
53,2,466256,714.0
53,2,466271,715.0
53,2,466289,714.0
53,2,466305,719.0
53,2,466322,716.0
53,2,466339,717.0
53,2,466355,717.0
53,2,466371,718.0
53,2,466389,714.0
53,2,466404,715.0
53,2,466422,713.0
53,2,466438,715.0
53,2,466455,713.0
53,2,466472,716.0
53,2,466489,714.0
53,2,466505,716.0
53,2,466523,718.0
53,2,466539,718.0
53,2,466555,714.0
53,2,466572,717.0
53,2,466588,714.0
53,2,466605,717.0
53,2,466622,714.0
53,2,466638,715.0
53,2,466655,713.0
53,2,466672,716.0
53,2,466688,714.0
53,2,466705,731.0
53,2,466722,721.0
53,2,466738,708.0
53,2,466755,697.0
53,2,466772,687.0
53,2,466789,678.0
53,2,466805,667.0
53,2,466822,657.0
53,2,466839,649.0
53,2,466855,642.0
53,2,466871,630.0
53,2,466889,625.0
53,2,466905,619.0
53,2,466921,612.0
53,2,466938,604.0
53,2,466955,599.0
53,2,466972,596.0
53,2,466989,590.0
53,2,467006,588.0
53,2,467022,584.0
53,2,467038,579.0
53,2,467057,578.0
53,2,467074,574.0
53,2,467091,570.0
53,2,467108,568.0
53,2,467124,564.0
53,2,467141,559.0
53,2,467158,559.0
53,2,467174,557.0
53,2,467191,556.0
53,2,467208,555.0
53,2,467224,553.0
53,2,467242,550.0
53,2,467258,549.0
53,2,467274,549.0
53,2,467291,548.0
53,2,467308,545.0
53,2,467325,544.0
53,2,467341,540.0
53,2,467358,543.0
53,2,467375,541.0
53,2,467392,539.0
53,2,467407,539.0
53,2,467424,539.0
53,2,467441,538.0
53,2,467458,536.0
53,2,467474,536.0
53,2,467491,537.0
53,2,467507,534.0
53,2,467525,533.0
53,2,467541,535.0
53,2,467558,532.0
53,2,467575,532.0
53,2,467591,529.0
53,2,467609,532.0
53,2,467625,530.0
53,2,467641,531.0
53,2,467658,532.0
53,2,467675,530.0
53,2,467692,531.0
53,2,467708,530.0
53,2,467725,528.0
53,2,467742,529.0
53,2,467758,529.0
53,2,467775,528.0
53,2,467792,529.0
53,2,467809,531.0
53,2,467825,524.0
53,2,467842,528.0
53,2,467859,527.0
53,2,467875,527.0
53,2,467892,529.0
53,2,467909,528.0
53,2,467926,526.0
53,2,467943,527.0
53,2,467960,526.0
53,2,467975,526.0
53,2,467993,530.0
53,2,468009,526.0
53,2,468026,529.0
53,2,468043,529.0
53,2,468059,524.0
53,2,468076,526.0
53,2,468093,526.0
53,2,468109,525.0
53,2,468126,525.0
53,2,468142,525.0
53,2,468160,525.0
53,2,468177,526.0
53,2,468192,525.0
53,2,468209,527.0
53,2,468226,523.0
53,2,468242,526.0
53,2,468259,526.0
53,2,468276,529.0
53,2,468293,524.0
53,2,468309,527.0
53,2,468327,523.0
53,2,468342,525.0
53,2,468360,523.0
53,2,468377,524.0
53,2,468392,525.0
53,2,468410,524.0
53,2,468426,524.0
53,2,468443,525.0
53,2,468459,523.0
53,2,468476,526.0
53,2,468492,524.0
53,2,468509,526.0
53,2,468526,527.0
53,2,468542,524.0
53,2,468559,524.0
53,2,468576,523.0
53,2,468593,523.0
53,2,468609,523.0
53,2,468626,523.0
53,2,468643,523.0
53,2,468660,523.0
53,2,468675,523.0
53,2,468693,523.0
53,2,468709,523.0
53,2,468725,523.0
53,2,468743,523.0
53,2,468759,523.0
53,2,468776,523.0
53,2,468793,523.0
53,2,468810,523.0
53,2,468827,523.0
53,2,468843,523.0
53,2,468859,523.0
53,2,468875,523.0
53,2,468893,523.0
53,2,468910,523.0
53,2,468927,523.0
53,2,468943,523.0
53,2,468959,523.0
53,2,468977,523.0
53,2,468994,523.0
53,2,469009,523.0
53,2,469027,523.0
53,2,469043,523.0
53,2,469060,523.0
53,2,469076,523.0
53,2,469093,523.0
53,2,469109,523.0
53,3,469126,523.0
53,3,469143,523.0
53,3,469160,523.0
53,3,469176,523.0
53,3,469193,523.0
53,3,469209,432.0
53,3,469226,437.0
53,3,469243,452.0
53,3,469259,468.0
53,3,469276,483.0
53,3,469293,502.0
53,3,469309,516.0
53,3,469327,530.0
53,3,469344,543.0
53,3,469360,555.0
53,3,469377,570.0
53,3,469393,579.0
53,3,469410,593.0
53,3,469427,599.0
53,3,469444,607.0
53,3,469460,615.0
53,3,469477,621.0
53,3,469493,630.0
53,3,469510,635.0
53,3,469527,642.0
53,3,469544,648.0
53,3,469560,654.0
53,3,469577,659.0
53,3,469594,663.0
53,3,469611,668.0
53,3,469627,670.0
53,3,469643,674.0
53,3,469660,679.0
53,3,469677,680.0
53,3,469694,684.0
53,3,469711,687.0
53,3,469727,686.0
53,3,469743,688.0
53,3,469760,690.0
53,3,469777,692.0
53,3,469795,694.0
53,3,469811,696.0
53,3,469827,698.0
53,3,469844,701.0
53,3,469861,701.0
53,3,469877,704.0
53,3,469894,704.0
53,3,469910,704.0
53,3,469927,706.0
53,3,469944,707.0
53,3,469960,709.0
53,3,469977,708.0
53,3,469994,709.0
53,3,470011,710.0
53,3,470028,710.0
53,3,470044,710.0
53,3,470060,711.0
53,3,470078,711.0
53,3,470094,713.0
53,3,470111,713.0
53,3,470128,712.0
53,3,470145,713.0
53,3,470161,713.0
53,3,470177,713.0
53,3,470194,714.0
53,3,470210,714.0
53,3,470227,714.0
53,3,470244,713.0
53,3,470264,714.0
53,3,470282,714.0
53,3,470298,714.0
53,3,470315,712.0
53,3,470331,716.0
53,3,470348,715.0
53,3,470364,716.0
53,3,470381,710.0
53,3,470398,717.0
53,3,470414,715.0
53,3,470431,715.0
53,3,470447,716.0
53,3,470464,716.0
53,3,470481,716.0
53,3,470497,717.0
53,3,470514,718.0
53,3,470531,716.0
53,3,470547,716.0
53,3,470564,715.0
53,3,470581,716.0
53,3,470597,717.0
53,3,470614,717.0
53,3,470631,717.0
53,3,470647,717.0
53,3,470665,717.0
53,3,470682,716.0
53,3,470699,717.0
53,3,470716,716.0
53,3,470732,716.0
53,3,470749,717.0
53,3,470766,717.0
53,3,470782,717.0
53,3,470799,713.0
53,3,470816,712.0
53,3,470833,711.0
53,3,470849,711.0
53,3,470865,718.0
53,3,470882,717.0
53,3,470899,718.0
53,3,470915,718.0
53,3,470933,717.0
53,3,470949,717.0
53,3,470966,716.0
53,3,470982,717.0
53,3,471000,714.0
53,3,471016,711.0
53,3,471033,711.0
53,3,471049,710.0
53,3,471066,713.0
53,3,471083,710.0
53,3,471098,711.0
53,3,471115,718.0
53,3,471132,717.0
53,3,471149,718.0
53,3,471165,717.0
53,3,471183,716.0
53,3,471199,716.0
53,3,471215,717.0
53,3,471232,717.0
53,3,471249,710.0
53,3,471265,711.0
53,3,471282,721.0
53,3,471299,697.0
53,3,471316,672.0
53,3,471332,649.0
53,3,471348,636.0
53,3,471366,615.0
53,3,471382,593.0
53,3,471399,573.0
53,3,471415,555.0
53,3,471432,537.0
53,3,471448,522.0
53,3,471465,506.0
53,3,471482,483.0
53,3,471499,473.0
53,3,471516,461.0
53,3,471532,449.0
53,3,471549,440.0
53,3,471566,428.0
53,3,471583,419.0
53,3,471599,419.0
53,3,471615,410.0
53,3,471633,404.0
53,3,471649,396.0
53,3,471665,390.0
53,3,471682,384.0
53,3,471699,379.0
53,3,471716,373.0
53,3,471733,364.0
53,3,471749,359.0
53,3,471766,356.0
53,3,471782,352.0
53,3,471799,348.0
53,3,471816,345.0
53,3,471832,348.0
53,3,471849,343.0
53,3,471866,339.0
53,3,471882,339.0
53,3,471899,337.0
53,3,471916,333.0
53,3,471932,332.0
53,3,471949,326.0
53,3,471966,327.0
53,3,471982,320.0
53,3,471999,320.0
53,3,472016,319.0
53,3,472031,316.0
53,3,472049,316.0
53,3,472065,320.0
53,3,472082,319.0
53,3,472099,316.0
53,3,472115,319.0
53,3,472132,316.0
53,3,472149,314.0
53,3,472165,314.0
53,3,472183,307.0
53,3,472198,312.0
53,3,472215,312.0
53,3,472232,306.0
53,3,472249,305.0
53,3,472266,304.0
53,3,472282,305.0
53,3,472299,308.0
53,3,472316,308.0
53,3,472332,308.0
53,3,472349,308.0
53,3,472366,308.0
53,3,472382,306.0
53,3,472399,308.0
53,3,472415,307.0
53,3,472433,301.0
53,3,472449,305.0
53,3,472465,305.0
53,3,472483,302.0
53,3,472499,299.0
53,3,472515,300.0
53,3,472533,302.0
53,3,472549,305.0
53,3,472565,304.0
53,3,472582,305.0
53,3,472599,305.0
53,3,472616,304.0
53,3,472633,305.0
53,3,472649,304.0
53,3,472666,304.0
53,3,472682,303.0
53,3,472699,298.0
53,3,472715,298.0
53,3,472732,297.0
53,3,472749,298.0
53,3,472765,297.0
53,3,472782,303.0
53,3,472799,302.0
53,3,472816,303.0
53,3,472837,298.0
53,3,472853,299.0
53,3,472870,299.0
53,3,472886,296.0
53,3,472903,299.0
53,3,472920,295.0
53,3,472937,298.0
53,3,472953,298.0
53,3,472970,298.0
53,3,472987,297.0
53,3,473004,297.0
53,3,473020,296.0
53,3,473037,296.0
53,3,473053,297.0
53,3,473070,295.0
53,3,473088,298.0
53,3,473103,296.0
53,3,473120,298.0
53,3,473137,298.0
63,1,565622,0.0
63,1,565638,0.0
63,1,565654,0.0
63,1,565672,0.0
63,1,565688,0.0
63,1,565705,689.0
63,1,565722,691.0
63,1,565738,689.0
63,1,565754,691.0
63,1,565771,691.0
63,1,565788,689.0
63,1,565804,695.0
63,1,565822,690.0
63,1,565838,690.0
63,1,565855,690.0
63,1,565871,691.0
63,1,565888,690.0
63,1,565905,690.0
63,1,565922,690.0
63,1,565939,690.0
63,1,565955,691.0
63,1,565971,690.0
63,1,565988,692.0
63,1,566004,692.0
63,1,566022,694.0
63,1,566038,690.0
63,1,566055,690.0
63,1,566071,691.0
63,1,566088,691.0
63,1,566105,692.0
63,1,566121,690.0
63,1,566138,691.0
63,1,566155,692.0
63,1,566171,692.0
63,1,566188,692.0
63,1,566205,692.0
63,1,566221,691.0
63,1,566237,690.0
63,1,566255,693.0
63,1,566271,692.0
63,1,566289,690.0
63,1,566305,690.0
63,1,566322,690.0
63,1,566338,691.0
63,1,566355,690.0
63,1,566371,693.0
63,1,566388,692.0
63,1,566404,691.0
63,1,566422,691.0
63,1,566438,691.0
63,1,566455,692.0
63,1,566471,693.0
63,1,566488,691.0
63,1,566504,691.0
63,1,566523,691.0
63,1,566539,692.0
63,1,566556,692.0
63,1,566573,692.0
63,1,566589,691.0
63,1,566607,691.0
63,1,566623,692.0
63,1,566639,691.0
63,1,566657,694.0
63,1,566673,695.0
63,1,566690,696.0
63,1,566706,695.0
63,1,566723,694.0
63,1,566739,694.0
63,1,566756,694.0
63,1,566773,692.0
63,1,566790,692.0
63,1,566807,691.0
63,1,566823,692.0
63,1,566840,693.0
63,1,566856,691.0
63,1,566873,692.0
63,1,566889,692.0
63,1,566907,694.0
63,1,566923,694.0
63,1,566940,694.0
63,1,566956,696.0
63,1,566973,695.0
63,1,566989,694.0
63,1,567006,691.0
63,1,567023,692.0
63,1,567040,692.0
63,1,567057,692.0
63,1,567073,691.0
63,1,567090,692.0
63,1,567106,691.0
63,1,567123,690.0
63,1,567140,694.0
63,1,567157,694.0
63,1,567173,695.0
63,1,567190,695.0
63,1,567207,695.0
63,1,567223,697.0
63,1,567240,691.0
63,1,567263,693.0
63,1,567280,698.0
63,1,567295,695.0
63,1,567313,698.0
63,1,567329,699.0
63,1,567345,700.0
63,1,567363,700.0
63,1,567380,698.0
63,1,567396,699.0
63,1,567412,698.0
63,1,567429,698.0
63,1,567446,698.0
63,1,567463,699.0
63,1,567479,699.0
63,1,567496,696.0
63,1,567513,699.0
63,1,567529,699.0
63,1,567546,699.0
63,1,567563,698.0
63,1,567580,699.0
63,1,567596,700.0
63,1,567612,699.0
63,1,567630,698.0
63,1,567646,698.0
63,1,567664,698.0
63,1,567679,699.0
63,1,567696,699.0
63,1,567714,697.0
63,1,567729,695.0
63,1,567746,694.0
63,1,567762,695.0
63,1,567779,712.0
63,1,567796,678.0
63,1,567813,641.0
63,1,567829,608.0
63,1,567847,574.0
63,1,567863,542.0
63,1,567879,512.0
63,1,567896,484.0
63,1,567913,459.0
63,1,567929,435.0
63,1,567946,412.0
63,1,567963,394.0
63,1,567980,372.0
63,1,567996,356.0
63,1,568013,340.0
63,1,568030,323.0
63,1,568046,309.0
63,1,568064,298.0
63,1,568079,288.0
63,1,568097,276.0
63,1,568113,271.0
63,1,568130,264.0
63,1,568146,259.0
63,1,568164,255.0
63,1,568179,251.0
63,1,568197,249.0
63,1,568214,246.0
63,1,568229,243.0
63,1,568246,243.0
63,1,568263,242.0
63,1,568279,242.0
63,1,568297,240.0
63,1,568313,241.0
63,1,568330,240.0
63,1,568346,241.0
63,1,568363,239.0
63,1,568379,238.0
63,1,568395,239.0
63,1,568413,239.0
63,1,568430,239.0
63,1,568447,239.0
63,1,568463,239.0
63,1,568480,240.0
63,1,568497,239.0
63,1,568513,239.0
63,1,568530,238.0
63,1,568546,238.0
63,1,568563,238.0
63,1,568580,238.0
63,1,568597,237.0
63,1,568614,239.0
63,1,568630,238.0
63,1,568647,238.0
63,1,568663,239.0
63,1,568680,238.0
63,1,568696,239.0
63,1,568712,237.0
63,1,568729,238.0
63,1,568747,237.0
63,1,568763,237.0
63,1,568779,238.0
63,1,568797,239.0
63,1,568814,238.0
63,1,568830,238.0
63,1,568847,236.0
63,1,568864,238.0
63,1,568880,239.0
63,1,568896,238.0
63,1,568913,238.0
63,1,568929,235.0
63,1,568946,237.0
63,1,568963,238.0
63,1,568979,237.0
63,1,568996,238.0
63,1,569013,237.0
63,1,569030,238.0
63,1,569047,237.0
63,1,569064,237.0
63,1,569080,238.0
63,1,569096,236.0
63,1,569113,236.0
63,1,569130,238.0
63,1,569147,236.0
63,1,569164,236.0
63,1,569180,237.0
63,1,569196,236.0
63,1,569213,237.0
63,1,569230,236.0
63,1,569246,236.0
63,1,569263,237.0
63,1,569280,236.0
63,1,569296,237.0
63,1,569313,238.0
63,1,569329,235.0
63,1,569346,237.0
63,1,569363,236.0
63,1,569379,236.0
63,1,569397,235.0
63,1,569413,234.0
63,1,569430,236.0
63,1,569447,235.0
63,1,569463,236.0
63,1,569479,238.0
63,1,569496,237.0
63,1,569513,237.0
63,1,569530,236.0
63,1,569547,235.0
63,1,569563,236.0
63,1,569580,237.0
63,1,569596,237.0
63,1,569613,236.0
63,1,569629,236.0
63,1,569647,236.0
63,1,569664,236.0
63,1,569680,236.0
63,1,569696,236.0
63,1,569713,236.0
63,1,569729,236.0
63,1,569747,236.0
63,1,569762,236.0
63,1,569780,236.0
63,1,569797,236.0
63,1,569813,236.0
63,1,569830,236.0
63,1,569846,236.0
63,1,569862,236.0
63,1,569880,236.0
63,1,569897,236.0
63,1,569913,236.0
63,1,569930,236.0
63,1,569946,236.0
63,1,569963,236.0
63,1,569980,236.0
63,1,569997,236.0
63,1,570013,236.0
63,1,570030,236.0
63,1,570047,236.0
63,1,570063,236.0
63,1,570080,236.0
63,1,570097,236.0
63,2,570113,236.0
63,2,570129,236.0
63,2,570146,236.0
63,2,570162,236.0
63,2,570180,236.0
63,2,570196,467.0
63,2,570213,473.0
63,2,570230,488.0
63,2,570247,503.0
63,2,570263,516.0
63,2,570280,528.0
63,2,570297,538.0
63,2,570314,546.0
63,2,570330,558.0
63,2,570346,569.0
63,2,570363,583.0
63,2,570382,590.0
63,2,570399,598.0
63,2,570416,605.0
63,2,570432,613.0
63,2,570448,620.0
63,2,570465,625.0
63,2,570482,627.0
63,2,570499,633.0
63,2,570515,637.0
63,2,570532,644.0
63,2,570549,649.0
63,2,570565,653.0
63,2,570582,657.0
63,2,570599,661.0
63,2,570615,663.0
63,2,570632,665.0
63,2,570648,668.0
63,2,570665,673.0
63,2,570682,675.0
63,2,570699,672.0
63,2,570716,673.0
63,2,570732,679.0
63,2,570749,677.0
63,2,570765,682.0
63,2,570782,685.0
63,2,570799,687.0
63,2,570816,688.0
63,2,570832,689.0
63,2,570849,690.0
63,2,570865,690.0
63,2,570883,691.0
63,2,570898,691.0
63,2,570916,693.0
63,2,570932,693.0
63,2,570948,695.0
63,2,570965,696.0
63,2,570982,691.0
63,2,570999,693.0
63,2,571016,698.0
63,2,571032,699.0
63,2,571049,697.0
63,2,571066,698.0
63,2,571083,699.0
63,2,571099,699.0
63,2,571115,700.0
63,2,571131,700.0
63,2,571149,700.0
63,2,571166,698.0
63,2,571182,700.0
63,2,571199,700.0
63,2,571216,697.0
63,2,571232,700.0
63,2,571249,703.0
63,2,571266,703.0
63,2,571282,702.0
63,2,571299,700.0
63,2,571315,701.0
63,2,571333,702.0
63,2,571349,702.0
63,2,571366,702.0
63,2,571382,702.0
63,2,571399,703.0
63,2,571416,698.0
63,2,571433,698.0
63,2,571448,704.0
63,2,571465,705.0
63,2,571483,698.0
63,2,571499,703.0
63,2,571515,703.0
63,2,571533,705.0
63,2,571549,705.0
63,2,571565,704.0
63,2,571582,705.0
63,2,571599,706.0
63,2,571616,703.0
63,2,571632,703.0
63,2,571649,705.0
63,2,571666,698.0
63,2,571683,699.0
63,2,571698,705.0
63,2,571715,700.0
63,2,571732,705.0
63,2,571750,703.0
63,2,571766,703.0
63,2,571783,706.0
63,2,571799,707.0
63,2,571815,705.0
63,2,571832,705.0
63,2,571850,705.0
63,2,571866,704.0
63,2,571883,704.0
63,2,571902,701.0
63,2,571918,699.0
63,2,571935,699.0
63,2,571952,700.0
63,2,571968,705.0
63,2,571985,705.0
63,2,572002,700.0
63,2,572018,704.0
63,2,572036,698.0
63,2,572052,699.0
63,2,572069,699.0
63,2,572086,698.0
63,2,572102,699.0
63,2,572119,699.0
63,2,572136,699.0
63,2,572151,699.0
63,2,572169,699.0
63,2,572185,699.0
63,2,572203,699.0
63,2,572219,705.0
63,2,572235,699.0
63,2,572252,699.0
63,2,572269,716.0
63,2,572284,705.0
63,2,572302,692.0
63,2,572318,682.0
63,2,572336,668.0
63,2,572351,658.0
63,2,572368,647.0
63,2,572386,637.0
63,2,572401,628.0
63,2,572418,620.0
63,2,572436,611.0
63,2,572452,604.0
63,2,572469,597.0
63,2,572484,599.0
63,2,572502,585.0
63,2,572518,579.0
63,2,572535,574.0
63,2,572552,569.0
63,2,572568,564.0
63,2,572585,559.0
63,2,572602,556.0
63,2,572618,552.0
63,2,572635,550.0
63,2,572652,546.0
63,2,572668,542.0
63,2,572686,539.0
63,2,572702,542.0
63,2,572719,534.0
63,2,572735,533.0
63,2,572752,531.0
63,2,572769,528.0
63,2,572785,526.0
63,2,572802,525.0
63,2,572819,523.0
63,2,572835,521.0
63,2,572852,521.0
63,2,572869,518.0
63,2,572885,517.0
63,2,572901,517.0
63,2,572919,516.0
63,2,572935,521.0
63,2,572951,518.0
63,2,572968,512.0
63,2,572986,511.0
63,2,573002,511.0
63,2,573019,510.0
63,2,573036,511.0
63,2,573052,509.0
63,2,573069,508.0
63,2,573085,507.0
63,2,573101,507.0
63,2,573118,506.0
63,2,573136,505.0
63,2,573152,505.0
63,2,573168,511.0
63,2,573185,509.0
63,2,573201,511.0
63,2,573218,503.0
63,2,573235,503.0
63,2,573252,503.0
63,2,573269,502.0
63,2,573285,503.0
63,2,573302,503.0
63,2,573318,501.0
63,2,573335,502.0
63,2,573352,502.0
63,2,573368,501.0
63,2,573385,501.0
63,2,573402,505.0
63,2,573418,505.0
63,2,573435,500.0
63,2,573452,499.0
63,2,573469,501.0
63,2,573485,501.0
63,2,573502,501.0
63,2,573519,500.0
63,2,573536,501.0
63,2,573552,499.0
63,2,573568,499.0
63,2,573585,498.0
63,2,573603,499.0
63,2,573618,499.0
63,2,573635,498.0
63,2,573652,503.0
63,2,573668,502.0
63,2,573685,498.0
63,2,573702,498.0
63,2,573719,499.0
63,2,573735,498.0
63,2,573752,498.0
63,2,573768,498.0
63,2,573785,498.0
63,2,573802,498.0
63,2,573818,498.0
63,2,573836,497.0
63,2,573852,497.0
63,2,573868,498.0
63,2,573885,503.0
63,2,573902,503.0
63,2,573918,497.0
63,2,573936,496.0
63,2,573952,498.0
63,2,573968,497.0
63,2,573985,497.0
63,2,574002,497.0
63,2,574019,498.0
63,2,574035,497.0
63,2,574052,497.0
63,2,574068,496.0
63,2,574085,495.0
63,2,574102,496